;Tweet;Real
0;Vou explicar Fiz um pedido no @McDonalds_BR pelo @iFood no valor de 100 reais e uns quebrado...;0
1;"RT @falsinana: gente, um papo seríssimo aqui: chegou entregador do rappi, ifood, uber eats na sua casa com uma história triste ""ah fui roub…";0
2;@pofinho123 Te pago um lanche do ifood de até 100 reais;1
3;ta eu ganhei um cupom de 20 no Ifood daí pedi 20 peças de hot e camarão e kani agr to aqui aflita esperando que supra todas as minhas vontades de gostosura;1
4;Mano estou decepcionada com o @iFood na moral me roubaram 100 reais e mal me respondem no chat;1
5;ia lá em baixo comprar um açaí mas a chuva caiu, acho que vou pedir pelo ifood mesmo;1
6;@BowDownBiitchs 🍟🍕🍔🍟🍕🍔🍟🍕🍔🍟🍕🍔🍟🍕🍔  Cupom Rappi !    💸45 R$ NO PEDIDO 📛  + 150 R$ DE FRETE GRÁTIS 💸  APROVEITEM A PROMOÇÃO.🛑 LINK NO PERFIL🛑  💸 Cupom: qrs3840114 💸  ✅+45 R$ OFF✅  🍟🍕🍔🍟🍕🍔🍟🍕🍔🍟🍕🍔🍟🍕🍔 cupom ifood  e uber eats;0
7;@julixnxg 🍟🍕🍔🍟🍕🍔🍟🍕🍔🍟🍕🍔🍟🍕🍔  Cupom Rappi !    💸45 R$ NO PEDIDO 📛  + 150 R$ DE FRETE GRÁTIS 💸  APROVEITEM A PROMOÇÃO.🛑 LINK NO PERFIL🛑  💸 Cupom: qrs3840114 💸  ✅+45 R$ OFF✅  🍟🍕🍔🍟🍕🍔🍟🍕🍔🍟🍕🍔🍟🍕🍔 cupom ifood  e uber eats;0
8;RT @DandaraSA: POR DEUS EU NÃO AGUENTO MAIS IR ASSISTIR ALGO NO YOUTUBE E TER QUE VER PROPAGANDA DO IFOOD;0
9;POR DEUS EU NÃO AGUENTO MAIS IR ASSISTIR ALGO NO YOUTUBE E TER QUE VER PROPAGANDA DO IFOOD;1
10;@wmymicheli @iFood Sim kkkkk mas ele me avisou;0
11;@_adriansouza_ 🍟🍕🍔🍟🍕🍔🍟🍕🍔🍟🍕🍔🍟🍕🍔  Cupom Rappi !    💸45 R$ NO PEDIDO 📛  + 150 R$ DE FRETE GRÁTIS 💸  APROVEITEM A PROMOÇÃO.🛑 LINK NO PERFIL🛑  💸 Cupom: qrs3840114 💸  ✅+45 R$ OFF✅  🍟🍕🍔🍟🍕🍔🍟🍕🍔🍟🍕🍔🍟🍕🍔 cupom ifood  e uber eats;0
12;@AdiosBruh @wmymicheli @iFood 🍟🍕🍔🍟🍕🍔🍟🍕🍔🍟🍕🍔🍟🍕🍔  Cupom Rappi !    💸45 R$ NO PEDIDO 📛  + 150 R$ DE FRETE GRÁTIS 💸  APROVEITEM A PROMOÇÃO.🛑 LINK NO PERFIL🛑  💸 Cupom: qrs3840114 💸  ✅+45 R$ OFF✅  🍟🍕🍔🍟🍕🍔🍟🍕🍔🍟🍕🍔🍟🍕🍔 cupom ifood  e uber eats;0
13;@betinatlg 🍟🍕🍔🍟🍕🍔🍟🍕🍔🍟🍕🍔🍟🍕🍔  Cupom Rappi !    💸45 R$ NO PEDIDO 📛  + 150 R$ DE FRETE GRÁTIS 💸  APROVEITEM A PROMOÇÃO.🛑 LINK NO PERFIL🛑  💸 Cupom: qrs3840114 💸  ✅+45 R$ OFF✅  🍟🍕🍔🍟🍕🍔🍟🍕🍔🍟🍕🍔🍟🍕🍔 cupom ifood  e uber eats;0
14;@iwantchaos 🍟🍕🍔🍟🍕🍔🍟🍕🍔🍟🍕🍔🍟🍕🍔  Cupom Rappi !    💸45 R$ NO PEDIDO 📛  + 150 R$ DE FRETE GRÁTIS 💸  APROVEITEM A PROMOÇÃO.🛑 LINK NO PERFIL🛑  💸 Cupom: qrs3840114 💸  ✅+45 R$ OFF✅  🍟🍕🍔🍟🍕🍔🍟🍕🍔🍟🍕🍔🍟🍕🍔 cupom ifood  e uber eats;0
15;Nath finanças me ajuda, eu fico triste/brava e já quero pedir ifood;1
16;Pedir uma quentinha pelo Ifood tomara que seja boa 🤦;1
17;❇❇❇❇❇❇❇❇ Cupom 45 R$ NO PEDIDO + 150 R$ DE FRETE GRÁTIS. APROVEITEM A PROMOÇÃO ➡➡➡💸Cupom: qrs3840114 💸⬅⬅⬅  ✅ +45 R$ OFF ✅  ❇❇❇❇❇❇❇❇ ifood e uber eats https://t.co/WrBfwurcNy;0
18;RT @iFood: Hoje é #DiaDaFamília e eu fiz uma surpresinha! Uma lista especial de mercado pra você presentear quem você mais ama: https://t.c…;0
19;@abluntplace 🍟🍕🍔🍟🍕🍔🍟🍕🍔🍟🍕🍔🍟🍕🍔  Cupom Rappi !    💸45 R$ NO PEDIDO 📛  + 150 R$ DE FRETE GRÁTIS 💸  APROVEITEM A PROMOÇÃO.🛑 LINK NO PERFIL🛑  💸 Cupom: qrs3840114 💸  ✅+45 R$ OFF✅  🍟🍕🍔🍟🍕🍔🍟🍕🍔🍟🍕🍔🍟🍕🍔 cupom ifood  e uber eats;0
20;@DaltaGabriel @gddvibess_ 🍟🍕🍔🍟🍕🍔🍟🍕🍔🍟🍕🍔🍟🍕🍔  Cupom Rappi !    💸45 R$ NO PEDIDO 📛  + 150 R$ DE FRETE GRÁTIS 💸  APROVEITEM A PROMOÇÃO.🛑 LINK NO PERFIL🛑  💸 Cupom: qrs3840114 💸  ✅+45 R$ OFF✅  🍟🍕🍔🍟🍕🍔🍟🍕🍔🍟🍕🍔🍟🍕🍔 cupom ifood  e uber eats;0
21;@spaceeseavey @starsherron 🍟🍕🍔🍟🍕🍔🍟🍕🍔🍟🍕🍔🍟🍕🍔  Cupom Rappi !    💸45 R$ NO PEDIDO 📛  + 150 R$ DE FRETE GRÁTIS 💸  APROVEITEM A PROMOÇÃO.🛑 LINK NO PERFIL🛑  💸 Cupom: qrs3840114 💸  ✅+45 R$ OFF✅  🍟🍕🍔🍟🍕🍔🍟🍕🍔🍟🍕🍔🍟🍕🍔 cupom ifood  e uber eats;0
22;Agora que vi que fiz dois pedidos no ifood, que merdaaaaaaaa;1
23;🤡achei ter pedido o almoço no iFood e não tinha clicado pra solicitar🤡  espero que uma boa alma tenha compaixão;1
24;Será Que O Ifood Te Entrega Aqui Em Casa ? 😩😋;1
25;@ifood_rappi mas precisa pagar algo com valor minimo ou nao??;0
26;@wmymicheli @iFood nossa amiga tiveram que cancelar meu pedido e estornar porque o motoboy foi embora por causa do rolo que tava no BK;1
27;@gddvibess_ Se o ifood parar de oprimir meu cartão eu te dou um chocolate;1
28;@fyvante 🍟🍕🍔🍟🍕🍔🍟🍕🍔🍟🍕🍔🍟🍕🍔  Cupom Rappi !    💸45 R$ NO PEDIDO 📛  + 150 R$ DE FRETE GRÁTIS 💸  APROVEITEM A PROMOÇÃO.🛑 LINK NO PERFIL🛑  💸 Cupom: qrs3840114 💸  ✅+45 R$ OFF✅  🍟🍕🍔🍟🍕🍔🍟🍕🍔🍟🍕🍔🍟🍕🍔 cupom ifood  e uber eats;0
29;@Jaozinng 🍟🍕🍔🍟🍕🍔🍟🍕🍔🍟🍕🍔🍟🍕🍔  Cupom Rappi !    💸45 R$ NO PEDIDO 📛  + 150 R$ DE FRETE GRÁTIS 💸  APROVEITEM A PROMOÇÃO.🛑 LINK NO PERFIL🛑  💸 Cupom: qrs3840114 💸  ✅+45 R$ OFF✅  🍟🍕🍔🍟🍕🍔🍟🍕🍔🍟🍕🍔🍟🍕🍔 cupom ifood  e uber eats;0
30;@itlmanu 🍟🍕🍔🍟🍕🍔🍟🍕🍔🍟🍕🍔🍟🍕🍔  Cupom Rappi !    💸45 R$ NO PEDIDO 📛  + 150 R$ DE FRETE GRÁTIS 💸  APROVEITEM A PROMOÇÃO.🛑 LINK NO PERFIL🛑  💸 Cupom: qrs3840114 💸  ✅+45 R$ OFF✅  🍟🍕🍔🍟🍕🍔🍟🍕🍔🍟🍕🍔🍟🍕🍔 cupom ifood  e uber eats;0
31;RT @AnaPaul28462173: @iFood @proconspoficial @Procon o que eles estão Promovendo  e forçando os Consumidores é isso aqui. https://t.co/q3Wx…;0
32;RT @JniorSo30773485: Segundo o entregador do Ifood, td mundo já pegou #coronavirus   Depois do breve relato, amassa td o dinheiro, e joga d…;0
33;"RT @falsinana: gente, um papo seríssimo aqui: chegou entregador do rappi, ifood, uber eats na sua casa com uma história triste ""ah fui roub…";0
34;@jenifmz 🍟🍕🍔🍟🍕🍔🍟🍕🍔🍟🍕🍔🍟🍕🍔  Cupom Rappi !    💸45 R$ NO PEDIDO 📛  + 150 R$ DE FRETE GRÁTIS 💸  APROVEITEM A PROMOÇÃO.🛑 LINK NO PERFIL🛑  💸 Cupom: qrs3840114 💸  ✅+45 R$ OFF✅  🍟🍕🍔🍟🍕🍔🍟🍕🍔🍟🍕🍔🍟🍕🍔 cupom ifood  e uber eats;0
35;@steblima_ @bk_1803 🍟🍕🍔🍟🍕🍔🍟🍕🍔🍟🍕🍔🍟🍕🍔  Cupom Rappi !    💸45 R$ NO PEDIDO 📛  + 150 R$ DE FRETE GRÁTIS 💸  APROVEITEM A PROMOÇÃO.🛑 LINK NO PERFIL🛑  💸 Cupom: qrs3840114 💸  ✅+45 R$ OFF✅  🍟🍕🍔🍟🍕🍔🍟🍕🍔🍟🍕🍔🍟🍕🍔 cupom ifood  e uber eats;0
36;@SrtHangel 🍟🍕🍔🍟🍕🍔🍟🍕🍔🍟🍕🍔🍟🍕🍔  Cupom Rappi !    💸45 R$ NO PEDIDO 📛  + 150 R$ DE FRETE GRÁTIS 💸  APROVEITEM A PROMOÇÃO.🛑 LINK NO PERFIL🛑  💸 Cupom: qrs3840114 💸  ✅+45 R$ OFF✅  🍟🍕🍔🍟🍕🍔🍟🍕🍔🍟🍕🍔🍟🍕🍔 cupom ifood  e uber eats;0
37;@naelsant0s 🍟🍕🍔🍟🍕🍔🍟🍕🍔🍟🍕🍔🍟🍕🍔  Cupom Rappi !    💸45 R$ NO PEDIDO 📛  + 150 R$ DE FRETE GRÁTIS 💸  APROVEITEM A PROMOÇÃO.🛑 LINK NO PERFIL🛑  💸 Cupom: qrs3840114 💸  ✅+45 R$ OFF✅  🍟🍕🍔🍟🍕🍔🍟🍕🍔🍟🍕🍔🍟🍕🍔 cupom ifood  e uber eats;0
38;@majorafi33 @_Aspargus_ @marcos83_castro 🍟🍕🍔🍟🍕🍔🍟🍕🍔🍟🍕🍔🍟🍕🍔  Cupom Rappi !    💸45 R$ NO PEDIDO 📛  + 150 R$ DE FRETE GRÁTIS 💸  APROVEITEM A PROMOÇÃO.🛑 LINK NO PERFIL🛑  💸 Cupom: qrs3840114 💸  ✅+45 R$ OFF✅  🍟🍕🍔🍟🍕🍔🍟🍕🍔🍟🍕🍔🍟🍕🍔 cupom ifood  e uber eats;0
39;@iFood @proconspoficial @Procon o que eles estão Promovendo  e forçando os Consumidores é isso aqui. https://t.co/q3Wx0ta9dQ;0
40;Mdss eu só quero cupom de desconto no Ifood;1
41;@chief117_com_br R$12,00 conto aqui pelo iFood kkkk https://t.co/LsYzUAk3zs;0
42;Segundo o entregador do Ifood, td mundo já pegou #coronavirus   Depois do breve relato, amassa td o dinheiro, e joga dentro da bag junto dos outros pedidos...🥰;0
43;alguém me fala um restaurante c a comida boa no ifood ai;1
44;@KlausKonsis 🍟🍕🍔🍟🍕🍔🍟🍕🍔🍟🍕🍔🍟🍕🍔  Cupom Rappi !    💸45 R$ NO PEDIDO 📛  + 150 R$ DE FRETE GRÁTIS 💸  APROVEITEM A PROMOÇÃO.🛑 LINK NO PERFIL🛑  💸 Cupom: qrs3840114 💸  ✅+45 R$ OFF✅  🍟🍕🍔🍟🍕🍔🍟🍕🍔🍟🍕🍔🍟🍕🍔 cupom ifood  e uber eats;0
45;@Elinhawwnr12 🍟🍕🍔🍟🍕🍔🍟🍕🍔🍟🍕🍔🍟🍕🍔  Cupom Rappi !    💸45 R$ NO PEDIDO 📛  + 150 R$ DE FRETE GRÁTIS 💸  APROVEITEM A PROMOÇÃO.🛑 LINK NO PERFIL🛑  💸 Cupom: qrs3840114 💸  ✅+45 R$ OFF✅  🍟🍕🍔🍟🍕🍔🍟🍕🍔🍟🍕🍔🍟🍕🍔 cupom ifood  e uber eats;0
46;@variejinx @livetaekoo 🍟🍕🍔🍟🍕🍔🍟🍕🍔🍟🍕🍔🍟🍕🍔  Cupom Rappi !    💸45 R$ NO PEDIDO 📛  + 150 R$ DE FRETE GRÁTIS 💸  APROVEITEM A PROMOÇÃO.🛑 LINK NO PERFIL🛑  💸 Cupom: qrs3840114 💸  ✅+45 R$ OFF✅  🍟🍕🍔🍟🍕🍔🍟🍕🍔🍟🍕🍔🍟🍕🍔 cupom ifood  e uber eats;0
47;@iFood Essa empresa ,está se tornando um peso ,é vergonhoso  o atedimento  e gestão do Aplicativo ,total descaso com consumidores @proconspoficial  precisa fazer algo urgente ,são listas de reclamações e nada se resolve. Estou a 5dias ,esperando atedimento. https://t.co/8ha1wKGsFv;1
48;CUPOM DESCONTO  RAPPI qrs3840114 - 45 reais grátis  melhor que ifood e uber eats https://t.co/RvFrwjFr9j;0
49;caralho se o ifood e o mercado vienense fossem seres humanos eu arrastaria a cara deles no asfalto quente;1
50;@m4keu Primeiro de muitos, será? 👀;0
51;@flam4th 🍟🍕🍔🍟🍕🍔🍟🍕🍔🍟🍕🍔🍟🍕🍔  Cupom Rappi !    💸45 R$ NO PEDIDO 📛  + 150 R$ DE FRETE GRÁTIS 💸  APROVEITEM A PROMOÇÃO.🛑 LINK NO PERFIL🛑  💸 Cupom: qrs3840114 💸  ✅+45 R$ OFF✅  🍟🍕🍔🍟🍕🍔🍟🍕🍔🍟🍕🍔🍟🍕🍔 cupom ifood  e uber eats;0
52;@fleuryonfat 🍟🍕🍔🍟🍕🍔🍟🍕🍔🍟🍕🍔🍟🍕🍔  Cupom Rappi !    💸45 R$ NO PEDIDO 📛  + 150 R$ DE FRETE GRÁTIS 💸  APROVEITEM A PROMOÇÃO.🛑 LINK NO PERFIL🛑  💸 Cupom: qrs3840114 💸  ✅+45 R$ OFF✅  🍟🍕🍔🍟🍕🍔🍟🍕🍔🍟🍕🍔🍟🍕🍔 cupom ifood  e uber eats;0
53;@Felippe_ffc 🍟🍕🍔🍟🍕🍔🍟🍕🍔🍟🍕🍔🍟🍕🍔  Cupom Rappi !    💸45 R$ NO PEDIDO 📛  + 150 R$ DE FRETE GRÁTIS 💸  APROVEITEM A PROMOÇÃO.🛑 LINK NO PERFIL🛑  💸 Cupom: qrs3840114 💸  ✅+45 R$ OFF✅  🍟🍕🍔🍟🍕🍔🍟🍕🍔🍟🍕🍔🍟🍕🍔 cupom ifood  e uber eats;0
54;@gabrielrqs_ 🍟🍕🍔🍟🍕🍔🍟🍕🍔🍟🍕🍔🍟🍕🍔  Cupom Rappi !    💸45 R$ NO PEDIDO 📛  + 150 R$ DE FRETE GRÁTIS 💸  APROVEITEM A PROMOÇÃO.🛑 LINK NO PERFIL🛑  💸 Cupom: qrs3840114 💸  ✅+45 R$ OFF✅  🍟🍕🍔🍟🍕🍔🍟🍕🍔🍟🍕🍔🍟🍕🍔 cupom ifood  e uber eats;0
55;@gunnxz 🍟🍕🍔🍟🍕🍔🍟🍕🍔🍟🍕🍔🍟🍕🍔  Cupom Rappi !    💸45 R$ NO PEDIDO 📛  + 150 R$ DE FRETE GRÁTIS 💸  APROVEITEM A PROMOÇÃO.🛑 LINK NO PERFIL🛑  💸 Cupom: qrs3840114 💸  ✅+45 R$ OFF✅  🍟🍕🍔🍟🍕🍔🍟🍕🍔🍟🍕🍔🍟🍕🍔 cupom ifood  e uber eats;0
56;@hiddenGA 🍟🍕🍔🍟🍕🍔🍟🍕🍔🍟🍕🍔🍟🍕🍔  Cupom Rappi !    💸45 R$ NO PEDIDO 📛  + 150 R$ DE FRETE GRÁTIS 💸  APROVEITEM A PROMOÇÃO.🛑 LINK NO PERFIL🛑  💸 Cupom: qrs3840114 💸  ✅+45 R$ OFF✅  🍟🍕🍔🍟🍕🍔🍟🍕🍔🍟🍕🍔🍟🍕🍔 cupom ifood  e uber eats;0
57;Ifood salvou meu almoço, cheguei atrasado, tive que pedir quentinha, cupom de 20 pila, adorei HaHa;1
58;PARA USUÁRIOS ANTIGOS:  Cupom Rappi 2 clássicos do McDonald's grátis: iaras3337r ou eri38205913r  PARA PRIMEIRO PEDIDO:  Cupom Rappi até 45 reais no pedido: cuponsd31 ou iaras3337 ou eri38205913  Ifood 15: Y1DS47T5UE ou X2F386NNZG  Uber Eats, Wish, 99Pop e outros no fixado https://t.co/Yd5Y6iSjjy;0
59;@Apatriciaaraujo @enayahbras 🍟🍕🍔🍟🍕🍔🍟🍕🍔🍟🍕🍔🍟🍕🍔  Cupom Rappi !    💸45 R$ NO PEDIDO 📛  + 150 R$ DE FRETE GRÁTIS 💸  APROVEITEM A PROMOÇÃO.🛑 LINK NO PERFIL🛑  💸 Cupom: qrs3840114 💸  ✅+45 R$ OFF✅  🍟🍕🍔🍟🍕🍔🍟🍕🍔🍟🍕🍔🍟🍕🍔 cupom ifood  e uber eats;0
60;@gbsilwa @_eumaari 🍟🍕🍔🍟🍕🍔🍟🍕🍔🍟🍕🍔🍟🍕🍔  Cupom Rappi !    💸45 R$ NO PEDIDO 📛  + 150 R$ DE FRETE GRÁTIS 💸  APROVEITEM A PROMOÇÃO.🛑 LINK NO PERFIL🛑  💸 Cupom: qrs3840114 💸  ✅+45 R$ OFF✅  🍟🍕🍔🍟🍕🍔🍟🍕🍔🍟🍕🍔🍟🍕🍔 cupom ifood  e uber eats;0
61;@heyy_yamada 🍟🍕🍔🍟🍕🍔🍟🍕🍔🍟🍕🍔🍟🍕🍔  Cupom Rappi !    💸45 R$ NO PEDIDO 📛  + 150 R$ DE FRETE GRÁTIS 💸  APROVEITEM A PROMOÇÃO.🛑 LINK NO PERFIL🛑  💸 Cupom: qrs3840114 💸  ✅+45 R$ OFF✅  🍟🍕🍔🍟🍕🍔🍟🍕🍔🍟🍕🍔🍟🍕🍔 cupom ifood  e uber eats;0
62;@hobic0ffe 🍟🍕🍔🍟🍕🍔🍟🍕🍔🍟🍕🍔🍟🍕🍔  Cupom Rappi !    💸45 R$ NO PEDIDO 📛  + 150 R$ DE FRETE GRÁTIS 💸  APROVEITEM A PROMOÇÃO.🛑 LINK NO PERFIL🛑  💸 Cupom: qrs3840114 💸  ✅+45 R$ OFF✅  🍟🍕🍔🍟🍕🍔🍟🍕🍔🍟🍕🍔🍟🍕🍔 cupom ifood  e uber eats;0
63;RT @cupomrappi89: @ZSantossaz 🍟🍕🍔🍟🍕🍔🍟🍕🍔🍟🍕🍔🍟🍕🍔  Cupom Rappi !    💸45 R$ NO PEDIDO 📛  + 150 R$ DE FRETE GRÁTIS 💸  APROVEITEM A PROMOÇÃO.🛑 LIN…;0
64;Lindos. Proteção coma em casa. @iFood  @cupomrappi89  obrigada 🙏🏾🙏🙏🏽❤️ https://t.co/Vn3Xedccd5 https://t.co/q2exDkOzWf;0
65;5min de atraso meu almoço no ifood e eu ja to braba, eu realmente preciso ser mais calma c as coisas kkkkkkkk o surto;1
66;@__jeaniine__ 🍟🍕🍔🍟🍕🍔🍟🍕🍔🍟🍕🍔🍟🍕🍔  Cupom Rappi !    💸45 R$ NO PEDIDO 📛  + 150 R$ DE FRETE GRÁTIS 💸  APROVEITEM A PROMOÇÃO.🛑 LINK NO PERFIL🛑  💸 Cupom: qrs3840114 💸  ✅+45 R$ OFF✅  🍟🍕🍔🍟🍕🍔🍟🍕🍔🍟🍕🍔🍟🍕🍔 cupom ifood  e uber eats;0
67;@_milkie 🍟🍕🍔🍟🍕🍔🍟🍕🍔🍟🍕🍔🍟🍕🍔  Cupom Rappi !    💸45 R$ NO PEDIDO 📛  + 150 R$ DE FRETE GRÁTIS 💸  APROVEITEM A PROMOÇÃO.🛑 LINK NO PERFIL🛑  💸 Cupom: qrs3840114 💸  ✅+45 R$ OFF✅  🍟🍕🍔🍟🍕🍔🍟🍕🍔🍟🍕🍔🍟🍕🍔 cupom ifood  e uber eats;0
68;@enayahbras Hahahahahahahahaha o problema é fazer o macarrão com salsicha. Do jeito q eu tô preguiçosa p cozinhar  mais fácil pedir ifood e comer na embalagem mesmo kkkkkkkkkk;1
69;Mds ganhei voucher de 100 reais no ifood pra assistir um evento da empresa comendo Os caras sabem que se conquista pela barriguinha;1
70;@erick7sacana 🍟🍕🍔🍟🍕🍔🍟🍕🍔🍟🍕🍔🍟🍕🍔  Cupom Rappi !    💸45 R$ NO PEDIDO 📛  + 150 R$ DE FRETE GRÁTIS 💸  APROVEITEM A PROMOÇÃO.🛑 LINK NO PERFIL🛑  💸 Cupom: qrs3840114 💸  ✅+45 R$ OFF✅  🍟🍕🍔🍟🍕🍔🍟🍕🍔🍟🍕🍔🍟🍕🍔 cupom ifood  e uber eats;0
71;@joaopedrosbr @vividelxs 🍟🍕🍔🍟🍕🍔🍟🍕🍔🍟🍕🍔🍟🍕🍔  Cupom Rappi !    💸45 R$ NO PEDIDO 📛  + 150 R$ DE FRETE GRÁTIS 💸  APROVEITEM A PROMOÇÃO.🛑 LINK NO PERFIL🛑  💸 Cupom: qrs3840114 💸  ✅+45 R$ OFF✅  🍟🍕🍔🍟🍕🍔🍟🍕🍔🍟🍕🍔🍟🍕🍔 cupom ifood  e uber eats;0
72;@Polipocket_15 🍟🍕🍔🍟🍕🍔🍟🍕🍔🍟🍕🍔🍟🍕🍔  Cupom Rappi !    💸45 R$ NO PEDIDO 📛  + 150 R$ DE FRETE GRÁTIS 💸  APROVEITEM A PROMOÇÃO.🛑 LINK NO PERFIL🛑  💸 Cupom: qrs3840114 💸  ✅+45 R$ OFF✅  🍟🍕🍔🍟🍕🍔🍟🍕🍔🍟🍕🍔🍟🍕🍔 cupom ifood  e uber eats;0
73;@biapontesx 🍟🍕🍔🍟🍕🍔🍟🍕🍔🍟🍕🍔🍟🍕🍔  Cupom Rappi !    💸45 R$ NO PEDIDO 📛  + 150 R$ DE FRETE GRÁTIS 💸  APROVEITEM A PROMOÇÃO.🛑 LINK NO PERFIL🛑  💸 Cupom: qrs3840114 💸  ✅+45 R$ OFF✅  🍟🍕🍔🍟🍕🍔🍟🍕🍔🍟🍕🍔🍟🍕🍔 cupom ifood  e uber eats;0
74;@cupomrappi89 Eita maravilha eu aprovo . @iFood  ❤️ https://t.co/8XW53PZ2m2;0
75;@iFood fazendo compra indevida no meu cartão e @nubank autorizando cobrança no débito, função que nunca ativei.  Pelo menos o suporte do Nubank é mais eficiente. Ifood até agora nada.;1
76;@gabrieularyssa 🍟🍕🍔🍟🍕🍔🍟🍕🍔🍟🍕🍔🍟🍕🍔  Cupom Rappi !    💸45 R$ NO PEDIDO 📛  + 150 R$ DE FRETE GRÁTIS 💸  APROVEITEM A PROMOÇÃO.🛑 LINK NO PERFIL🛑  💸 Cupom: qrs3840114 💸  ✅+45 R$ OFF✅  🍟🍕🍔🍟🍕🍔🍟🍕🍔🍟🍕🍔🍟🍕🍔 cupom ifood  e uber eats;0
77;@whyduarda @Salvadorpoow 🍟🍕🍔🍟🍕🍔🍟🍕🍔🍟🍕🍔🍟🍕🍔  Cupom Rappi !    💸45 R$ NO PEDIDO 📛  + 150 R$ DE FRETE GRÁTIS 💸  APROVEITEM A PROMOÇÃO.🛑 LINK NO PERFIL🛑  💸 Cupom: qrs3840114 💸  ✅+45 R$ OFF✅  🍟🍕🍔🍟🍕🍔🍟🍕🍔🍟🍕🍔🍟🍕🍔 cupom ifood  e uber eats;0
78;@_vodks_ 🍟🍕🍔🍟🍕🍔🍟🍕🍔🍟🍕🍔🍟🍕🍔  Cupom Rappi !    💸45 R$ NO PEDIDO 📛  + 150 R$ DE FRETE GRÁTIS 💸  APROVEITEM A PROMOÇÃO.🛑 LINK NO PERFIL🛑  💸 Cupom: qrs3840114 💸  ✅+45 R$ OFF✅  🍟🍕🍔🍟🍕🍔🍟🍕🍔🍟🍕🍔🍟🍕🍔 cupom ifood  e uber eats;0
79;@_vodks_ 🍟🍕🍔🍟🍕🍔🍟🍕🍔🍟🍕🍔🍟🍕🍔  Cupom Rappi !    💸45 R$ NO PEDIDO 📛  + 150 R$ DE FRETE GRÁTIS 💸  APROVEITEM A PROMOÇÃO.🛑 LINK NO PERFIL🛑  💸 Cupom: qrs3840114 💸  ✅+45 R$ OFF✅  🍟🍕🍔🍟🍕🍔🍟🍕🍔🍟🍕🍔🍟🍕🍔 cupom ifood  e uber eats;0
80;@xtaurux pagaria pq passei 45 minutos rodando ifood e rappi e não consegui decidir nada 🤝 mas fiquei com raiva e agr vou comer miojo;1
81;@caaiotavares Boa, garoto. Aquele dia comprei 48 latões. Usei o ifood da família toda kkkkkkk;1
82;@itsmaarcb eu sempre peço as marmitas fit do rita baunilha no ifood, ou encomendo as do meu cunhado que sao mt boas e so 9,99 cada;0
83;@ZSantossaz 🍟🍕🍔🍟🍕🍔🍟🍕🍔🍟🍕🍔🍟🍕🍔  Cupom Rappi !    💸45 R$ NO PEDIDO 📛  + 150 R$ DE FRETE GRÁTIS 💸  APROVEITEM A PROMOÇÃO.🛑 LINK NO PERFIL🛑  💸 Cupom: qrs3840114 💸  ✅+45 R$ OFF✅  🍟🍕🍔🍟🍕🍔🍟🍕🍔🍟🍕🍔🍟🍕🍔 cupom ifood  e uber eats;0
84;Alexa pegue meu ifood no portão;1
85;@psychokid18 @laurendawsonnn 🍟🍕🍔🍟🍕🍔🍟🍕🍔🍟🍕🍔🍟🍕🍔  Cupom Rappi !    💸45 R$ NO PEDIDO 📛  + 150 R$ DE FRETE GRÁTIS 💸  APROVEITEM A PROMOÇÃO.🛑 LINK NO PERFIL🛑  💸 Cupom: qrs3840114 💸  ✅+45 R$ OFF✅  🍟🍕🍔🍟🍕🍔🍟🍕🍔🍟🍕🍔🍟🍕🍔 cupom ifood  e uber eats;0
86;@AlvimDouglas 🍟🍕🍔🍟🍕🍔🍟🍕🍔🍟🍕🍔🍟🍕🍔  Cupom Rappi !    💸45 R$ NO PEDIDO 📛  + 150 R$ DE FRETE GRÁTIS 💸  APROVEITEM A PROMOÇÃO.🛑 LINK NO PERFIL🛑  💸 Cupom: qrs3840114 💸  ✅+45 R$ OFF✅  🍟🍕🍔🍟🍕🍔🍟🍕🍔🍟🍕🍔🍟🍕🍔 cupom ifood  e uber eats;0
87;Eu avisei. Não era pra liberar a galera pra ficar em festas, aglomerações em bares, danceterias e restaurantes. Todos estariam salvos pelo iFood e todos trabalhando. 😭💔 https://t.co/N3WGOz1tho https://t.co/K9MtMronfI;1
88;@lvv15 @iFood @McDonalds_BR só em 2018 acho, pizza pra casa, mas aqui no trabalho não 😬😬;0
89;@metehusbells 🍟🍕🍔🍟🍕🍔🍟🍕🍔🍟🍕🍔🍟🍕🍔  Cupom Rappi !    💸45 R$ NO PEDIDO 📛  + 150 R$ DE FRETE GRÁTIS 💸  APROVEITEM A PROMOÇÃO.🛑 LINK NO PERFIL🛑  💸 Cupom: qrs3840114 💸  ✅+45 R$ OFF✅  🍟🍕🍔🍟🍕🍔🍟🍕🍔🍟🍕🍔🍟🍕🍔 cupom ifood  e uber eats;0
90;@Thayna43047820 🍟🍕🍔🍟🍕🍔🍟🍕🍔🍟🍕🍔🍟🍕🍔  Cupom Rappi !    💸45 R$ NO PEDIDO 📛  + 150 R$ DE FRETE GRÁTIS 💸  APROVEITEM A PROMOÇÃO.🛑 LINK NO PERFIL🛑  💸 Cupom: qrs3840114 💸  ✅+45 R$ OFF✅  🍟🍕🍔🍟🍕🍔🍟🍕🍔🍟🍕🍔🍟🍕🍔 cupom ifood  e uber eats;0
91;@LuercioFabiano @Strong81727527 🍟🍕🍔🍟🍕🍔🍟🍕🍔🍟🍕🍔🍟🍕🍔  Cupom Rappi !    💸45 R$ NO PEDIDO 📛  + 150 R$ DE FRETE GRÁTIS 💸  APROVEITEM A PROMOÇÃO.🛑 LINK NO PERFIL🛑  💸 Cupom: qrs3840114 💸  ✅+45 R$ OFF✅  🍟🍕🍔🍟🍕🍔🍟🍕🍔🍟🍕🍔🍟🍕🍔 cupom ifood  e uber eats;0
92;@LuercioFabiano @Strong81727527 🍟🍕🍔🍟🍕🍔🍟🍕🍔🍟🍕🍔🍟🍕🍔  Cupom Rappi !    💸45 R$ NO PEDIDO 📛  + 150 R$ DE FRETE GRÁTIS 💸  APROVEITEM A PROMOÇÃO.🛑 LINK NO PERFIL🛑  💸 Cupom: qrs3840114 💸  ✅+45 R$ OFF✅  🍟🍕🍔🍟🍕🍔🍟🍕🍔🍟🍕🍔🍟🍕🍔 cupom ifood  e uber eats;0
93;@iFood tive uma cobrança indevida na carteira sábado, ainda não tive uma resposta. Poderia me ajudar a resolver isso?;1
94;@nynagermanotta o personal ifood eu amo;1
95;@magicscatra @buterascalore @schuylercalore @vanteartguinho 🍟🍕🍔🍟🍕🍔🍟🍕🍔🍟🍕🍔🍟🍕🍔  Cupom Rappi !    💸45 R$ NO PEDIDO 📛  + 150 R$ DE FRETE GRÁTIS 💸  APROVEITEM A PROMOÇÃO.🛑 LINK NO PERFIL🛑  💸 Cupom: qrs3840114 💸  ✅+45 R$ OFF✅  🍟🍕🍔🍟🍕🍔🍟🍕🍔🍟🍕🍔🍟🍕🍔 cupom ifood  e uber eats;0
96;@miIeyrockstar 🍟🍕🍔🍟🍕🍔🍟🍕🍔🍟🍕🍔🍟🍕🍔  Cupom Rappi !    💸45 R$ NO PEDIDO 📛  + 150 R$ DE FRETE GRÁTIS 💸  APROVEITEM A PROMOÇÃO.🛑 LINK NO PERFIL🛑  💸 Cupom: qrs3840114 💸  ✅+45 R$ OFF✅  🍟🍕🍔🍟🍕🍔🍟🍕🍔🍟🍕🍔🍟🍕🍔 cupom ifood  e uber eats;0
97;@GioPaveglio 🍟🍕🍔🍟🍕🍔🍟🍕🍔🍟🍕🍔🍟🍕🍔  Cupom Rappi !    💸45 R$ NO PEDIDO 📛  + 150 R$ DE FRETE GRÁTIS 💸  APROVEITEM A PROMOÇÃO.🛑 LINK NO PERFIL🛑  💸 Cupom: qrs3840114 💸  ✅+45 R$ OFF✅  🍟🍕🍔🍟🍕🍔🍟🍕🍔🍟🍕🍔🍟🍕🍔 cupom ifood  e uber eats;0
98;@__maariclara 🍟🍕🍔🍟🍕🍔🍟🍕🍔🍟🍕🍔🍟🍕🍔  Cupom Rappi !    💸45 R$ NO PEDIDO 📛  + 150 R$ DE FRETE GRÁTIS 💸  APROVEITEM A PROMOÇÃO.🛑 LINK NO PERFIL🛑  💸 Cupom: qrs3840114 💸  ✅+45 R$ OFF✅  🍟🍕🍔🍟🍕🍔🍟🍕🍔🍟🍕🍔🍟🍕🍔 cupom ifood  e uber eats;0
99;@Crf_Gy 🍟🍕🍔🍟🍕🍔🍟🍕🍔🍟🍕🍔🍟🍕🍔  Cupom Rappi !    💸45 R$ NO PEDIDO 📛  + 150 R$ DE FRETE GRÁTIS 💸  APROVEITEM A PROMOÇÃO.🛑 LINK NO PERFIL🛑  💸 Cupom: qrs3840114 💸  ✅+45 R$ OFF✅  🍟🍕🍔🍟🍕🍔🍟🍕🍔🍟🍕🍔🍟🍕🍔 cupom ifood  e uber eats;0
100;caralho o app de entregador do ifood saiu mesmo do iphone kkkk;1
101;ja falei isso aqui mas queria que tivesse alguem que escolhesse o meu ifood pois nao consigo escolher NADA;1
102;Cupons de desconto Ifood e uber eats ... RAPPI qrs3840114 - 45 R$ grátis  99 CUPOM BR6E2332 - 15 na sua corrida https://t.co/irVWondtf1;0
103;@_borgexs_ 🍟🍕🍔🍟🍕🍔🍟🍕🍔🍟🍕🍔🍟🍕🍔  Cupom Rappi !    💸45 R$ NO PEDIDO 📛  + 150 R$ DE FRETE GRÁTIS 💸  APROVEITEM A PROMOÇÃO.🛑 LINK NO PERFIL🛑  💸 Cupom: qrs3840114 💸  ✅+45 R$ OFF✅  🍟🍕🍔🍟🍕🍔🍟🍕🍔🍟🍕🍔🍟🍕🍔 cupom ifood  e uber eats;0
104;só queria um cupom do ifood pra pedir um bk agora;1
105;Eu nunca mais peço mais nada no @iFood, sempre arrumo um problema é incrível. Não sei porque insisti por tanto tempo bicho vtnc.;1
106;Não dá para pedi nada no iFood que demoraaaa;1
107;@_joneSjj @8Osgranger 🍟🍕🍔🍟🍕🍔🍟🍕🍔🍟🍕🍔🍟🍕🍔  Cupom Rappi !    💸45 R$ NO PEDIDO 📛  + 150 R$ DE FRETE GRÁTIS 💸  APROVEITEM A PROMOÇÃO.🛑 LINK NO PERFIL🛑  💸 Cupom: qrs3840114 💸  ✅+45 R$ OFF✅  🍟🍕🍔🍟🍕🍔🍟🍕🍔🍟🍕🍔🍟🍕🍔 cupom ifood  e uber eats;0
108;@someoneenby 🍟🍕🍔🍟🍕🍔🍟🍕🍔🍟🍕🍔🍟🍕🍔  Cupom Rappi !    💸45 R$ NO PEDIDO 📛  + 150 R$ DE FRETE GRÁTIS 💸  APROVEITEM A PROMOÇÃO.🛑 LINK NO PERFIL🛑  💸 Cupom: qrs3840114 💸  ✅+45 R$ OFF✅  🍟🍕🍔🍟🍕🍔🍟🍕🍔🍟🍕🍔🍟🍕🍔 cupom ifood  e uber eats;0
109;@iFood inventou a porcaria de um código pra fechar a entrega que nunca chega, acabou com a agilidade o entregador não pode sair porque a minha entrega tá aberta e eu não posso comer;1
110;@StephaneYonara @iFood Provável que sim, também não encontrava nem buscando, mas achei que porque não havia mais restaurante Loop na área.;0
111;@mariahelenahd @VHzinn_ 🍟🍕🍔🍟🍕🍔🍟🍕🍔🍟🍕🍔🍟🍕🍔  Cupom Rappi !    💸45 R$ NO PEDIDO 📛  + 150 R$ DE FRETE GRÁTIS 💸  APROVEITEM A PROMOÇÃO.🛑 LINK NO PERFIL🛑  💸 Cupom: qrs3840114 💸  ✅+45 R$ OFF✅  🍟🍕🍔🍟🍕🍔🍟🍕🍔🍟🍕🍔🍟🍕🍔 cupom ifood  e uber eats;0
112;@CamilaMSabino 🍟🍕🍔🍟🍕🍔🍟🍕🍔🍟🍕🍔🍟🍕🍔  Cupom Rappi !    💸45 R$ NO PEDIDO 📛  + 150 R$ DE FRETE GRÁTIS 💸  APROVEITEM A PROMOÇÃO.🛑 LINK NO PERFIL🛑  💸 Cupom: qrs3840114 💸  ✅+45 R$ OFF✅  🍟🍕🍔🍟🍕🍔🍟🍕🍔🍟🍕🍔🍟🍕🍔 cupom ifood  e uber eats;0
113;@hollsfaking @carolarrieira 🍟🍕🍔🍟🍕🍔🍟🍕🍔🍟🍕🍔🍟🍕🍔  Cupom Rappi !    💸45 R$ NO PEDIDO 📛  + 150 R$ DE FRETE GRÁTIS 💸  APROVEITEM A PROMOÇÃO.🛑 LINK NO PERFIL🛑  💸 Cupom: qrs3840114 💸  ✅+45 R$ OFF✅  🍟🍕🍔🍟🍕🍔🍟🍕🍔🍟🍕🍔🍟🍕🍔 cupom ifood  e uber eats;0
114;@jamalzin_77 🍟🍕🍔🍟🍕🍔🍟🍕🍔🍟🍕🍔🍟🍕🍔  Cupom Rappi !    💸45 R$ NO PEDIDO 📛  + 150 R$ DE FRETE GRÁTIS 💸  APROVEITEM A PROMOÇÃO.🛑 LINK NO PERFIL🛑  💸 Cupom: qrs3840114 💸  ✅+45 R$ OFF✅  🍟🍕🍔🍟🍕🍔🍟🍕🍔🍟🍕🍔🍟🍕🍔 cupom ifood  e uber eats;0
115;@exame Uma pena que ele nao cumpre com os cupons de indicação como fala em suas divulgações @iFood;1
116;Ifood de merda, quero comer um lanche e não aceita dinheiro onde eu quero;1
117;"CUPOM 09/12/2020 RAPPI -&gt; 1º pedido: mc431469682 ou usuários antigos: mc431469682r AIRBNB -&gt; https://t.co/jc4MOfIbe3 99TAXI -&gt; Oziris12 ou https://t.co/N3e3dHd5h7 ou  a PICPAY -&gt; YY3156 ou https://t.co/zjL7f2Jxqt CORNERSHOP -&gt; https://t.co/ApD14DCPuZ IFOOD -&gt; WLNRADTDYJ https://t.co/QKQCMEfJe1";0
118;@_gabrielbordori @sglrtxac a fantasia dele deve ser de entregador de o ifood;0
119;@iFood tá achando que o aplicativo deles é remake do livro do Dan Brown, o código da comida rs por favor não compliquem o que foi feito pra facilitar...;1
120;Meu problema com o ifood é que demoro 72h só pra escolher o que comer. Comecei a escolher 10h da manhã e ainda não sei o que quero aff;1
121;@jdoriajr Na pandemia quem está enchendo os bolsos, POLÍTICOS de tudo quanto é lugar. IFOOD, YOUTUBERS, UBER... o pequenos empresários quebraram todos... o DINHEIRO está saindo do PAÍS, estamos cada vez mais explorados...;0
122;Ifood de vcs também não tá abrindo ou é só o meu???;1
123;Gente, e eu que fiz compras pelo ifood no Bistek e eles me mandaram uma Heineken sem álcool de brinde 💜 fofos. https://t.co/4iv89wtVYF;0
124;Gastei quase 900 reais de ifood só no crédito de março pra cá  Alguém bate na minha cara e me informa que eu sou pobre https://t.co/hLP8HU7yjF;1
125;E o ifood que foi direto no meu ponto fraco https://t.co/4TxkUpuTMg;1
126;Nossa galera a gente pediu i ifood deu tudo errado eles mandaram um pedido nada a ver;1
127;Se a @homossexuallie tivesse um estabelecimento no Ifood https://t.co/SXYxfU0R84;0
128;@_DudaaaR 🍟🍕🍔🍟🍕🍔🍟🍕🍔🍟🍕🍔🍟🍕🍔  Cupom Rappi !    💸45 R$ NO PEDIDO 📛  + 150 R$ DE FRETE GRÁTIS 💸  APROVEITEM A PROMOÇÃO.🛑 LINK NO PERFIL🛑  💸 Cupom: qrs3840114 💸  ✅+45 R$ OFF✅  🍟🍕🍔🍟🍕🍔🍟🍕🍔🍟🍕🍔🍟🍕🍔 cupom ifood  e uber eats;0
129;"RT @falsinana: gente, um papo seríssimo aqui: chegou entregador do rappi, ifood, uber eats na sua casa com uma história triste ""ah fui roub…";0
130;PARA USUÁRIOS ANTIGOS:  Cupom Rappi 2 clássicos do McDonald's grátis: iaras3337r ou eri38205913r  PARA PRIMEIRO PEDIDO:  Cupom Rappi até 45 reais no pedido: cuponsd31 ou iaras3337 ou eri38205913  Ifood 15: Y1DS47T5UE ou X2F386NNZG  Uber Eats, Wish, 99Pop e outros no fixado https://t.co/MZmnE5R6Ha;0
131;Entrega sem rastreio no ifood é uma tortura;1
132;❇❇❇❇❇❇❇❇ Cupom 45 R$ NO PEDIDO + 150 R$ DE FRETE GRÁTIS. APROVEITEM A PROMOÇÃO ➡➡➡💸Cupom: qrs3840114 💸⬅⬅⬅  ✅ +45 R$ OFF ✅  ❇❇❇❇❇❇❇❇ ifood e uber eats https://t.co/L5g5aYwUGo;0
133;@_maarigil @WavoGirl_ 🍟🍕🍔🍟🍕🍔🍟🍕🍔🍟🍕🍔🍟🍕🍔  Cupom Rappi !    💸45 R$ NO PEDIDO 📛  + 150 R$ DE FRETE GRÁTIS 💸  APROVEITEM A PROMOÇÃO.🛑 LINK NO PERFIL🛑  💸 Cupom: qrs3840114 💸  ✅+45 R$ OFF✅  🍟🍕🍔🍟🍕🍔🍟🍕🍔🍟🍕🍔🍟🍕🍔 cupom ifood  e uber eats;0
134;🍑🍑🍌🚔🎷🚿🤩😍🤐 @iFood a plataforma que não oferece solução de problemas eficiente, o atendimento ao cliente é praticamente o mesmo que nada, uma vergonha do pós-vendas. #ifood 😍😍🥰💸🙅🙅🤸🍌🍑;1
135;@sarapostay Pois é, bizarro, nunca aconteceu antes comigo isso, tive que ficar lá no sol suando com fome debatendo com o restaurante, que por sinal não sabia desse tal código. Perdi meu horário de almoço com isso, e o TPR do iFood é de 1 semana pra vim um texto pronto e nada resolvido, né?;1
136;"RT @falsinana: gente, um papo seríssimo aqui: chegou entregador do rappi, ifood, uber eats na sua casa com uma história triste ""ah fui roub…";0
137;IFood sempre acabando com meu dinheiro;1
138;Pagando 1,50 num ifood Como é bom vive;1
139;"CUPOM DEZEMBRO NATAL 2020 09/12/2020 RAPPI -&gt; 1º pedido: mc431469682 ou usuários antigos mc431469682r IFOOD -&gt; WLNRADTDYJ PRIVALIA -&gt; E927B3D7 WISH -&gt; CKYNDCPS SEMPRE EM CASA -&gt; https://t.co/CNXv1Z4FMk https://t.co/DJw2x84JUp";0
140;Obrigada @iFood por me deixar sem almoço hoje.;1
141;"RT @falsinana: gente, um papo seríssimo aqui: chegou entregador do rappi, ifood, uber eats na sua casa com uma história triste ""ah fui roub…";0
142;nd intensifica mais meu auto ódio dq quando peço algo no ifood e esqueço de colocar o cupom....;1
143;A vida da jovem que não sabe cozinhar é foda,mas tá tudo certo pq a mamãe vai pedir um ifood pra mim 🙏🏻 https://t.co/YKsdk67TxA;1
144;se não tiver no ifood eu levo aí pra tu 😅 https://t.co/t57VBksqRR;0
145;@aquelaisaali Foi mal Isa mas o orçamento aqui só possibilita um ifood;1
146;@D15estrella 🤗❤️ Se tiver bolo ver se consegue mandar pelo ifood, Agradeço hehe;0
147;O ifood n desiste de mim não,é promo a cada hora e eu ignorando KKKKKKK;1
148;Não adianta eu esconder pq o meu tá cadastrado no ifood, na uber...... continuo gastando e finjo que nem to vendo https://t.co/qntVS43YLg;1
149;@leozinsthug 🍟🍕🍔🍟🍕🍔🍟🍕🍔🍟🍕🍔🍟🍕🍔  Cupom Rappi !    💸45 R$ NO PEDIDO 📛  + 150 R$ DE FRETE GRÁTIS 💸  APROVEITEM A PROMOÇÃO.🛑 LINK NO PERFIL🛑  💸 Cupom: qrs3840114 💸  ✅+45 R$ OFF✅  🍟🍕🍔🍟🍕🍔🍟🍕🍔🍟🍕🍔🍟🍕🍔 cupom ifood  e uber eats;0
150;"VÉI, DEPOIS DE ANOS PROCURANDO FINALMENTE ACHEI BAO NO IFOOD ;-;  Infelizmente é vegano, eu queria o de carne de porco, mas eu aceito, preciso sentir esse gosto denovo 🥲 https://t.co/yPP9VyVgQu";1
151;@thayss94 @iFood que fim deu, gente? ele vai pagar, né?;1
152;Minha diversão de hoje foi ficar lendo os comentários das avaliações do Ifood, já tem meia hora que tô aqui https://t.co/bwN1wboZal;1
153;Já usaram o Rappi, que é o principal concorrente?  A usabilidade é horrivel, a interface é ruins, dados somem, você mal consegue ver o valor de pedidos passados e quanto mais os itens.  Eu prefito Ifood porque o app funciona muito melhor que os outros.  E UberEats, usei 2x. https://t.co/XVsvz9rLWr;1
154;Kkkkk eu se fosse entregador de ifood https://t.co/fBmbRTCm9p;0
155;@____________cto @iFood 🍟🍕🍔🍟🍕🍔🍟🍕🍔🍟🍕🍔🍟🍕🍔  Cupom Rappi !    💸45 R$ NO PEDIDO 📛  + 150 R$ DE FRETE GRÁTIS 💸  APROVEITEM A PROMOÇÃO.🛑 LINK NO PERFIL🛑  💸 Cupom: qrs3840114 💸  ✅+45 R$ OFF✅  🍟🍕🍔🍟🍕🍔🍟🍕🍔🍟🍕🍔🍟🍕🍔 cupom ifood  e uber eats;0
156;@BkRaphaela 🍟🍕🍔🍟🍕🍔🍟🍕🍔🍟🍕🍔🍟🍕🍔  Cupom Rappi !    💸45 R$ NO PEDIDO 📛  + 150 R$ DE FRETE GRÁTIS 💸  APROVEITEM A PROMOÇÃO.🛑 LINK NO PERFIL🛑  💸 Cupom: qrs3840114 💸  ✅+45 R$ OFF✅  🍟🍕🍔🍟🍕🍔🍟🍕🍔🍟🍕🍔🍟🍕🍔 cupom ifood  e uber eats;0
157;@KCipriano9000 @onedlarry_ 🍟🍕🍔🍟🍕🍔🍟🍕🍔🍟🍕🍔🍟🍕🍔  Cupom Rappi !    💸45 R$ NO PEDIDO 📛  + 150 R$ DE FRETE GRÁTIS 💸  APROVEITEM A PROMOÇÃO.🛑 LINK NO PERFIL🛑  💸 Cupom: qrs3840114 💸  ✅+45 R$ OFF✅  🍟🍕🍔🍟🍕🍔🍟🍕🍔🍟🍕🍔🍟🍕🍔 cupom ifood  e uber eats;0
158;@rin0run3 @_hey_aline 🍟🍕🍔🍟🍕🍔🍟🍕🍔🍟🍕🍔🍟🍕🍔  Cupom Rappi !    💸45 R$ NO PEDIDO 📛  + 150 R$ DE FRETE GRÁTIS 💸  APROVEITEM A PROMOÇÃO.🛑 LINK NO PERFIL🛑  💸 Cupom: qrs3840114 💸  ✅+45 R$ OFF✅  🍟🍕🍔🍟🍕🍔🍟🍕🍔🍟🍕🍔🍟🍕🍔 cupom ifood  e uber eats;0
159;Sim eu peço um Chocotone pelo Ifood, sou a pessoa mais aleatória da vida;1
160;o conceito correr de pijama p atender o interfone do ifood;1
161;@iFood Plataforma que não oferece solução de problemas eficiente, o atendimento ao cliente é praticamente o mesmo que nada, uma vergonha do pós-vendas.;1
162;@iFood Plataforma que não oferece solução de problemas eficiente, o atendimento ao cliente é praticamente o mesmo que nada, uma vergonha do pós-vendas.;1
163;@iFood Plataforma que não oferece solução de problemas eficiente, o atendimento ao cliente é praticamente o mesmo que nada, uma vergonha do pós-vendas.;1
164;@iFood Plataforma que não oferece solução de problemas eficiente, o atendimento ao cliente é praticamente o mesmo que nada, uma vergonha do pós-vendas.;1
165;@iFood Plataforma que não oferece solução de problemas eficiente, o atendimento ao cliente é praticamente o mesmo que nada, uma vergonha do pós-vendas.;1
166;CUPOM DESCONTO  RAPPI qrs3840114 - 45 reais grátis  melhor que ifood e uber eats https://t.co/qunhRnK55o;0
167;@iFood Plataforma que não oferece solução de problemas eficiente, o atendimento ao cliente é praticamente o mesmo que nada, uma vergonha do pós-vendas.;1
168;@GBmuniz222 🍟🍕🍔🍟🍕🍔🍟🍕🍔🍟🍕🍔🍟🍕🍔  Cupom Rappi !    💸45 R$ NO PEDIDO 📛  + 150 R$ DE FRETE GRÁTIS 💸  APROVEITEM A PROMOÇÃO.🛑 LINK NO PERFIL🛑  💸 Cupom: qrs3840114 💸  ✅+45 R$ OFF✅  🍟🍕🍔🍟🍕🍔🍟🍕🍔🍟🍕🍔🍟🍕🍔 cupom ifood  e uber eats;0
169;@feliipealvesz 🍟🍕🍔🍟🍕🍔🍟🍕🍔🍟🍕🍔🍟🍕🍔  Cupom Rappi !    💸45 R$ NO PEDIDO 📛  + 150 R$ DE FRETE GRÁTIS 💸  APROVEITEM A PROMOÇÃO.🛑 LINK NO PERFIL🛑  💸 Cupom: qrs3840114 💸  ✅+45 R$ OFF✅  🍟🍕🍔🍟🍕🍔🍟🍕🍔🍟🍕🍔🍟🍕🍔 cupom ifood  e uber eats;0
170;@iFood Plataforma que não oferece solução de problemas eficiente, o atendimento ao cliente é praticamente o mesmo que nada, uma vergonha do pós-vendas.;1
171;@iFood Plataforma que não oferece solução de problemas eficiente, o atendimento ao cliente é praticamente o mesmo que nada, uma vergonha do pós-vendas.;1
172;NPS: iFood é melhor e mais popular app de delivery, diz pesquisa https://t.co/yvAlIQdk3E;1
173;CUPOM DE DESCONTO   RAPPI: aas39569421  Utilize o código informado e tenha R$30 reais para gastar como quiser e R$150 para usar em frete no aplicativo. Válido para a sua primeira compra.   iFood: HGFRY4KGUS   R$15 na primeira compra. https://t.co/DFY0XDUdCz;0
174;CUPOM DE DESCONTO   RAPPI: aas39569421  Utilize o código informado e tenha R$30 reais para gastar como quiser e R$150 para usar em frete no aplicativo. Válido para a sua primeira compra.   iFood: HGFRY4KGUS   R$15 na primeira compra. https://t.co/MwCA6i3X0L;0
175;@iFood Plataforma que não oferece solução de problemas eficiente, o atendimento ao cliente é praticamente o mesmo que nada, uma vergonha do pós-vendas.;1
176;@pevelopes @iFood Na verdade pra mim não aparece mais a opção do Loop. Nem pra assinar... acho que eles tiraram, na busca vi várias pessoas relatando que sumiu a opção. 🤦🏻‍♀️;1
177;@iFood Plataforma que não oferece solução de problemas eficiente, o atendimento ao cliente é praticamente o mesmo que nada, uma vergonha do pós-vendas.;1
178;@pagodeanos90 @italopersequini vc pedindo ifood aí;0
179;@iFood @acaodacidadania Plataforma que não oferece solução de problemas eficiente, o atendimento ao cliente é praticamente o mesmo que nada, uma vergonha do pós-vendas.;1
180;"RT @falsinana: gente, um papo seríssimo aqui: chegou entregador do rappi, ifood, uber eats na sua casa com uma história triste ""ah fui roub…";0
181;@iFood Plataforma que não oferece solução de problemas eficiente, o atendimento ao cliente é praticamente o mesmo que nada, uma vergonha do pós-vendas.;1
182;@carolbernardo__ 🍟🍕🍔🍟🍕🍔🍟🍕🍔🍟🍕🍔🍟🍕🍔  Cupom Rappi !    💸45 R$ NO PEDIDO 📛  + 150 R$ DE FRETE GRÁTIS 💸  APROVEITEM A PROMOÇÃO.🛑 LINK NO PERFIL🛑  💸 Cupom: qrs3840114 💸  ✅+45 R$ OFF✅  🍟🍕🍔🍟🍕🍔🍟🍕🍔🍟🍕🍔🍟🍕🍔 cupom ifood  e uber eats;0
183;@carolbernardo__ 🍟🍕🍔🍟🍕🍔🍟🍕🍔🍟🍕🍔🍟🍕🍔  Cupom Rappi !    💸45 R$ NO PEDIDO 📛  + 150 R$ DE FRETE GRÁTIS 💸  APROVEITEM A PROMOÇÃO.🛑 LINK NO PERFIL🛑  💸 Cupom: qrs3840114 💸  ✅+45 R$ OFF✅  🍟🍕🍔🍟🍕🍔🍟🍕🍔🍟🍕🍔🍟🍕🍔 cupom ifood  e uber eats;0
184;@iFood Plataforma que não oferece solução de problemas eficiente, o atendimento ao cliente é praticamente o mesmo que nada, uma vergonha do pós-vendas.;1
185;@danailamarc @iFood @McDonalds @proconspoficial Vish! Chama a gente na DM pra falar sobre o que houve? Podemos te ajudar por lá.;0
186;@Lucas_telesss28 🍟🍕🍔🍟🍕🍔🍟🍕🍔🍟🍕🍔🍟🍕🍔  Cupom Rappi !    💸45 R$ NO PEDIDO 📛  + 150 R$ DE FRETE GRÁTIS 💸  APROVEITEM A PROMOÇÃO.🛑 LINK NO PERFIL🛑  💸 Cupom: qrs3840114 💸  ✅+45 R$ OFF✅  🍟🍕🍔🍟🍕🍔🍟🍕🍔🍟🍕🍔🍟🍕🍔 cupom ifood  e uber eats;0
187;@iFood Plataforma que não oferece solução de problemas eficiente, o atendimento ao cliente é praticamente o mesmo que nada, uma vergonha do pós-vendas.;1
188;@bbkirsch 🍟🍕🍔🍟🍕🍔🍟🍕🍔🍟🍕🍔🍟🍕🍔  Cupom Rappi !    💸45 R$ NO PEDIDO 📛  + 150 R$ DE FRETE GRÁTIS 💸  APROVEITEM A PROMOÇÃO.🛑 LINK NO PERFIL🛑  💸 Cupom: qrs3840114 💸  ✅+45 R$ OFF✅  🍟🍕🍔🍟🍕🍔🍟🍕🍔🍟🍕🍔🍟🍕🍔 cupom ifood  e uber eats;0
189;@yumkcs 🍟🍕🍔🍟🍕🍔🍟🍕🍔🍟🍕🍔🍟🍕🍔  Cupom Rappi !    💸45 R$ NO PEDIDO 📛  + 150 R$ DE FRETE GRÁTIS 💸  APROVEITEM A PROMOÇÃO.🛑 LINK NO PERFIL🛑  💸 Cupom: qrs3840114 💸  ✅+45 R$ OFF✅  🍟🍕🍔🍟🍕🍔🍟🍕🍔🍟🍕🍔🍟🍕🍔 cupom ifood  e uber eats;0
190;@Socrivel @iFood 🍟🍕🍔🍟🍕🍔🍟🍕🍔🍟🍕🍔🍟🍕🍔  Cupom Rappi !    💸45 R$ NO PEDIDO 📛  + 150 R$ DE FRETE GRÁTIS 💸  APROVEITEM A PROMOÇÃO.🛑 LINK NO PERFIL🛑  💸 Cupom: qrs3840114 💸  ✅+45 R$ OFF✅  🍟🍕🍔🍟🍕🍔🍟🍕🍔🍟🍕🍔🍟🍕🍔 cupom ifood  e uber eats;0
191;@anaaaoliveira_ 🍟🍕🍔🍟🍕🍔🍟🍕🍔🍟🍕🍔🍟🍕🍔  Cupom Rappi !    💸45 R$ NO PEDIDO 📛  + 150 R$ DE FRETE GRÁTIS 💸  APROVEITEM A PROMOÇÃO.🛑 LINK NO PERFIL🛑  💸 Cupom: qrs3840114 💸  ✅+45 R$ OFF✅  🍟🍕🍔🍟🍕🍔🍟🍕🍔🍟🍕🍔🍟🍕🍔 cupom ifood  e uber eats;0
192;@MariRibeeiroo 🍟🍕🍔🍟🍕🍔🍟🍕🍔🍟🍕🍔🍟🍕🍔  Cupom Rappi !    💸45 R$ NO PEDIDO 📛  + 150 R$ DE FRETE GRÁTIS 💸  APROVEITEM A PROMOÇÃO.🛑 LINK NO PERFIL🛑  💸 Cupom: qrs3840114 💸  ✅+45 R$ OFF✅  🍟🍕🍔🍟🍕🍔🍟🍕🍔🍟🍕🍔🍟🍕🍔 cupom ifood  e uber eats;0
193;@MarcosMK3113 🍟🍕🍔🍟🍕🍔🍟🍕🍔🍟🍕🍔🍟🍕🍔  Cupom Rappi !    💸45 R$ NO PEDIDO 📛  + 150 R$ DE FRETE GRÁTIS 💸  APROVEITEM A PROMOÇÃO.🛑 LINK NO PERFIL🛑  💸 Cupom: qrs3840114 💸  ✅+45 R$ OFF✅  🍟🍕🍔🍟🍕🍔🍟🍕🍔🍟🍕🍔🍟🍕🍔 cupom ifood  e uber eats;0
194;Dnovo, meu pedido cancelado do nada e eu não sou informado. @iFood tá difícil continuar com vocês bicho. https://t.co/azAGIlMuKc;1
195;@ksjcIips 🍟🍕🍔🍟🍕🍔🍟🍕🍔🍟🍕🍔🍟🍕🍔  Cupom Rappi !    💸45 R$ NO PEDIDO 📛  + 150 R$ DE FRETE GRÁTIS 💸  APROVEITEM A PROMOÇÃO.🛑 LINK NO PERFIL🛑  💸 Cupom: qrs3840114 💸  ✅+45 R$ OFF✅  🍟🍕🍔🍟🍕🍔🍟🍕🍔🍟🍕🍔🍟🍕🍔 cupom ifood  e uber eats;0
196;@manudobeck 🍟🍕🍔🍟🍕🍔🍟🍕🍔🍟🍕🍔🍟🍕🍔  Cupom Rappi !    💸45 R$ NO PEDIDO 📛  + 150 R$ DE FRETE GRÁTIS 💸  APROVEITEM A PROMOÇÃO.🛑 LINK NO PERFIL🛑  💸 Cupom: qrs3840114 💸  ✅+45 R$ OFF✅  🍟🍕🍔🍟🍕🍔🍟🍕🍔🍟🍕🍔🍟🍕🍔 cupom ifood  e uber eats;0
197;@motsrafaeli 🍟🍕🍔🍟🍕🍔🍟🍕🍔🍟🍕🍔🍟🍕🍔  Cupom Rappi !    💸45 R$ NO PEDIDO 📛  + 150 R$ DE FRETE GRÁTIS 💸  APROVEITEM A PROMOÇÃO.🛑 LINK NO PERFIL🛑  💸 Cupom: qrs3840114 💸  ✅+45 R$ OFF✅  🍟🍕🍔🍟🍕🍔🍟🍕🍔🍟🍕🍔🍟🍕🍔 cupom ifood  e uber eats;0
198;@emirsader É necessária a flexibilização. Jovens ou não já estão ou na informalidade ou em relações de trabalho flexíveis (Uber, 99, ifood) https://t.co/uj4hrIIN3W;0
199;"RT @falsinana: gente, um papo seríssimo aqui: chegou entregador do rappi, ifood, uber eats na sua casa com uma história triste ""ah fui roub…";0
200;@programad @MariaRita 🍟🍕🍔🍟🍕🍔🍟🍕🍔🍟🍕🍔🍟🍕🍔  Cupom Rappi !    💸45 R$ NO PEDIDO 📛  + 150 R$ DE FRETE GRÁTIS 💸  APROVEITEM A PROMOÇÃO.🛑 LINK NO PERFIL🛑  💸 Cupom: qrs3840114 💸  ✅+45 R$ OFF✅  🍟🍕🍔🍟🍕🍔🍟🍕🍔🍟🍕🍔🍟🍕🍔 cupom ifood  e uber eats;0
201;@rafaelfelipeL 🍟🍕🍔🍟🍕🍔🍟🍕🍔🍟🍕🍔🍟🍕🍔  Cupom Rappi !    💸45 R$ NO PEDIDO 📛  + 150 R$ DE FRETE GRÁTIS 💸  APROVEITEM A PROMOÇÃO.🛑 LINK NO PERFIL🛑  💸 Cupom: qrs3840114 💸  ✅+45 R$ OFF✅  🍟🍕🍔🍟🍕🍔🍟🍕🍔🍟🍕🍔🍟🍕🍔 cupom ifood  e uber eats;0
202;@Merlin_Noir @Acai_com_Banana 🍟🍕🍔🍟🍕🍔🍟🍕🍔🍟🍕🍔🍟🍕🍔  Cupom Rappi !    💸45 R$ NO PEDIDO 📛  + 150 R$ DE FRETE GRÁTIS 💸  APROVEITEM A PROMOÇÃO.🛑 LINK NO PERFIL🛑  💸 Cupom: qrs3840114 💸  ✅+45 R$ OFF✅  🍟🍕🍔🍟🍕🍔🍟🍕🍔🍟🍕🍔🍟🍕🍔 cupom ifood  e uber eats;0
203;@nadiasbcoelho 🍟🍕🍔🍟🍕🍔🍟🍕🍔🍟🍕🍔🍟🍕🍔  Cupom Rappi !    💸45 R$ NO PEDIDO 📛  + 150 R$ DE FRETE GRÁTIS 💸  APROVEITEM A PROMOÇÃO.🛑 LINK NO PERFIL🛑  💸 Cupom: qrs3840114 💸  ✅+45 R$ OFF✅  🍟🍕🍔🍟🍕🍔🍟🍕🍔🍟🍕🍔🍟🍕🍔 cupom ifood  e uber eats;0
204;Era só um PIX na minha conta e um recebido do ifood hj;1
205;EU SE TRABALHASSE FAZENDO DESCRIÇÃO DO IFOOD https://t.co/x7pXeMVtHb;0
206;eu desci pra pagar a moça do ifood e ESQUECI O DINHEIRO e agors to tendo q voltar vei .;1
207;@alinemorreiro 🍟🍕🍔🍟🍕🍔🍟🍕🍔🍟🍕🍔🍟🍕🍔  Cupom Rappi !    💸45 R$ NO PEDIDO 📛  + 150 R$ DE FRETE GRÁTIS 💸  APROVEITEM A PROMOÇÃO.🛑 LINK NO PERFIL🛑  💸 Cupom: qrs3840114 💸  ✅+45 R$ OFF✅  🍟🍕🍔🍟🍕🍔🍟🍕🍔🍟🍕🍔🍟🍕🍔 cupom ifood  e uber eats;0
208;@eduarda_matiass 🍟🍕🍔🍟🍕🍔🍟🍕🍔🍟🍕🍔🍟🍕🍔  Cupom Rappi !    💸45 R$ NO PEDIDO 📛  + 150 R$ DE FRETE GRÁTIS 💸  APROVEITEM A PROMOÇÃO.🛑 LINK NO PERFIL🛑  💸 Cupom: qrs3840114 💸  ✅+45 R$ OFF✅  🍟🍕🍔🍟🍕🍔🍟🍕🍔🍟🍕🍔🍟🍕🍔 cupom ifood  e uber eats;0
209;@MariaRita Menos o cara do ifood, da farmácia, do posto, do hospital, do caminhão, do metrô, da polícia, dos bombeiros, da faxina, do marmitex, da feira, do mercado, etc.  Afinal, quarentena mesmo só para a elite socialista. O brasileiro normal mesmo nunca teve o direito de parar.;0
210;@StephaneYonara @iFood O seu é o do Cambeba? Eu acho que o restaurante fechou.. Eles me deram cupons no valor restante.;0
211;@m4keu @iFood @McDonalds_BR Esse pedido parece comigo, LACRADA;0
212;@MurderQueen___ @EdersonEllias 🍟🍕🍔🍟🍕🍔🍟🍕🍔🍟🍕🍔🍟🍕🍔  Cupom Rappi !    💸45 R$ NO PEDIDO 📛  + 150 R$ DE FRETE GRÁTIS 💸  APROVEITEM A PROMOÇÃO.🛑 LINK NO PERFIL🛑  💸 Cupom: qrs3840114 💸  ✅+45 R$ OFF✅  🍟🍕🍔🍟🍕🍔🍟🍕🍔🍟🍕🍔🍟🍕🍔 cupom ifood  e uber eats;0
213;@Annepaulii 🍟🍕🍔🍟🍕🍔🍟🍕🍔🍟🍕🍔🍟🍕🍔  Cupom Rappi !    💸45 R$ NO PEDIDO 📛  + 150 R$ DE FRETE GRÁTIS 💸  APROVEITEM A PROMOÇÃO.🛑 LINK NO PERFIL🛑  💸 Cupom: qrs3840114 💸  ✅+45 R$ OFF✅  🍟🍕🍔🍟🍕🍔🍟🍕🍔🍟🍕🍔🍟🍕🍔 cupom ifood  e uber eats;0
214;@Conserva2607 @iFood kkkkkkkkkkkkkk retardado!!;0
215;@luanmzz 🍟🍕🍔🍟🍕🍔🍟🍕🍔🍟🍕🍔🍟🍕🍔  Cupom Rappi !    💸45 R$ NO PEDIDO 📛  + 150 R$ DE FRETE GRÁTIS 💸  APROVEITEM A PROMOÇÃO.🛑 LINK NO PERFIL🛑  💸 Cupom: qrs3840114 💸  ✅+45 R$ OFF✅  🍟🍕🍔🍟🍕🍔🍟🍕🍔🍟🍕🍔🍟🍕🍔 cupom ifood  e uber eats;0
216;@EdersonEllias vai ser um grande avanço pra humanidade quando o ifood e o uber chegarem ai hauahayah;1
217;Nunca imaginei que frequentaria a parte de comidas SAUDÁVEIS do iFood! 🤦🏾‍♂️;1
218;RT @bialaraa__: eu to de tpm e ngm me manda um ifood😢;0
219;Porra ifood salvou de verdade 🙌🏾🎉🎉 ainda troquei minha Bag ontem 😍;1
220;@larissinhablog @MatheuzinS07 🍟🍕🍔🍟🍕🍔🍟🍕🍔🍟🍕🍔🍟🍕🍔  Cupom Rappi !    💸45 R$ NO PEDIDO 📛  + 150 R$ DE FRETE GRÁTIS 💸  APROVEITEM A PROMOÇÃO.🛑 LINK NO PERFIL🛑  💸 Cupom: qrs3840114 💸  ✅+45 R$ OFF✅  🍟🍕🍔🍟🍕🍔🍟🍕🍔🍟🍕🍔🍟🍕🍔 cupom ifood  e uber eats;0
221;PARA USUÁRIOS ANTIGOS:  Cupom Rappi 2 clássicos do McDonald's grátis: iaras3337r ou eri38205913r  PARA PRIMEIRO PEDIDO:  Cupom Rappi até 45 reais no pedido: cuponsd31 ou iaras3337 ou eri38205913  Ifood 15: Y1DS47T5UE ou X2F386NNZG  Uber Eats, Wish, 99Pop e outros no fixado https://t.co/kFjhoVxhF8;0
222;RT @ja1_pedr0: Pedir ifood só com cupom de desconto é um caminho sem volta;0
223;Cupons de desconto Ifood e uber eats ... RAPPI qrs3840114 - 45 R$ grátis  99 CUPOM BR6E2332 - 15 na sua corrida https://t.co/149V3Vp4KB;0
224;vou fazer meu almoço aqui no escritório mesmo, fazer o mercado pelo Ifood, tô me dando nem o luxo de sair daqui bj;1
225;Eu devo estar amaldiçoada. Até agora a @useamedigital não me deu uma resposta sobre meu dinheiro que desapareceu ontem e agora o @ifood não me responde sobre um pedido que veio errado e quero devolver.;1
226;@pevelopes @iFood Vc achou?! Tbm não tô achando... 😅;0
227;a vontade de pedir um lanche do subway pelo Ifood até passou depois de ver o preço...;1
228;Você paga mas não vai comer vai ficar torrando no sol enquanto não acertar o código, piada né @iFood ?;1
229;@fabriciobr Original SmashBurguer, pedi ontem, mas pede pelo WhatsApp, pq no iFood parece que é só combo agora.;0
230;@carvalho_mafra 🍟🍕🍔🍟🍕🍔🍟🍕🍔🍟🍕🍔🍟🍕🍔  Cupom Rappi !    💸45 R$ NO PEDIDO 📛  + 150 R$ DE FRETE GRÁTIS 💸  APROVEITEM A PROMOÇÃO.🛑 LINK NO PERFIL🛑  💸 Cupom: qrs3840114 💸  ✅+45 R$ OFF✅  🍟🍕🍔🍟🍕🍔🍟🍕🍔🍟🍕🍔🍟🍕🍔 cupom ifood  e uber eats;0
231;Eu fiz um pedido de almoço no iFood e o entregador simplesmente chegou na minha casa e me disse que não pode entregar enquanto eu não informar o código ??? Que porra é essa o iFood agora virou um jogo?;1
232;Luanzinho patrocinou o Ifood;0
233;mano imagina vc ser rico ao bastante de entrar ifood e escolher qualquer coisa sem olhar preço ou C tem cupom, e demorar uns 5 min no máximo, deve ser sensacional.;0
234;ifood para de me dar cupom eu não tenho nem estômago qnt mais dinheiro;1
235;300 anos pra abrir o ifood se eu tivesse esse tempo todo pra esperar eu preparava meu almoço seus filho da puta;0
236;@nesmetjf_ 🍟🍕🍔🍟🍕🍔🍟🍕🍔🍟🍕🍔🍟🍕🍔  Cupom Rappi !    💸45 R$ NO PEDIDO 📛  + 150 R$ DE FRETE GRÁTIS 💸  APROVEITEM A PROMOÇÃO.🛑 LINK NO PERFIL🛑  💸 Cupom: qrs3840114 💸  ✅+45 R$ OFF✅  🍟🍕🍔🍟🍕🍔🍟🍕🍔🍟🍕🍔🍟🍕🍔 cupom ifood  e uber eats;0
237;@iFood uma consultoria de graça, algo q provavelmente vcs estão pagando milhões p/ alguém pensar e não fez. Coloquem o tempo de entrega de acordo com a quantidade de itens pedidos. Se a pessoa pedir 1 coisa ou 5, o tempo de entrega é o mesmo, mas na cozinha não é assim q funciona;1
238;sera que bo ifood tem algum lugar que vende doritos;1
239;❇❇❇❇❇❇❇❇ Cupom 45 R$ NO PEDIDO + 150 R$ DE FRETE GRÁTIS. APROVEITEM A PROMOÇÃO ➡➡➡💸Cupom: qrs3840114 💸⬅⬅⬅  ✅ +45 R$ OFF ✅  ❇❇❇❇❇❇❇❇ ifood e uber eats https://t.co/9HSGLAd8xh;0
240;"ifood loop: ""comida caseira e saudável"" a comida caseira e saudável: batata palha";1
241;Ao @iFood me ajuda aqui https://t.co/jvEROxGYxC;0
242;@iFood manda um cupomzinho de almoço pa nois 😔;1
243;@wnbcsgo @McDonaldsPT_ 🍟🍕🍔🍟🍕🍔🍟🍕🍔🍟🍕🍔🍟🍕🍔  Cupom Rappi !    💸45 R$ NO PEDIDO 📛  + 150 R$ DE FRETE GRÁTIS 💸  APROVEITEM A PROMOÇÃO.🛑 LINK NO PERFIL🛑  💸 Cupom: qrs3840114 💸  ✅+45 R$ OFF✅  🍟🍕🍔🍟🍕🍔🍟🍕🍔🍟🍕🍔🍟🍕🍔 cupom ifood  e uber eats;0
244;Pedir ifood só com cupom de desconto é um caminho sem volta;1
245;RT @pereiiradudaaa: e esperando o ifood me dar um cupom q pague tudo 🤡;0
246;a inteligência artificial fica bem burrinha na hora de parar de largar propaganda do ifood no YouTube;1
247;vontade de comer comida diferente, pedir uma comida no iFood;1
248;@marcospatrick__ 🍟🍕🍔🍟🍕🍔🍟🍕🍔🍟🍕🍔🍟🍕🍔  Cupom Rappi !    💸45 R$ NO PEDIDO 📛  + 150 R$ DE FRETE GRÁTIS 💸  APROVEITEM A PROMOÇÃO.🛑 LINK NO PERFIL🛑  💸 Cupom: qrs3840114 💸  ✅+45 R$ OFF✅  🍟🍕🍔🍟🍕🍔🍟🍕🍔🍟🍕🍔🍟🍕🍔 cupom ifood  e uber eats;0
249;@Eu_Beatrizz1 🍟🍕🍔🍟🍕🍔🍟🍕🍔🍟🍕🍔🍟🍕🍔  Cupom Rappi !    💸45 R$ NO PEDIDO 📛  + 150 R$ DE FRETE GRÁTIS 💸  APROVEITEM A PROMOÇÃO.🛑 LINK NO PERFIL🛑  💸 Cupom: qrs3840114 💸  ✅+45 R$ OFF✅  🍟🍕🍔🍟🍕🍔🍟🍕🍔🍟🍕🍔🍟🍕🍔 cupom ifood  e uber eats;0
250;@Luis06595285 @versbh90 @BoysBHOfficial @BOYSDEBH031 🍟🍕🍔🍟🍕🍔🍟🍕🍔🍟🍕🍔🍟🍕🍔  Cupom Rappi !    💸45 R$ NO PEDIDO 📛  + 150 R$ DE FRETE GRÁTIS 💸  APROVEITEM A PROMOÇÃO.🛑 LINK NO PERFIL🛑  💸 Cupom: qrs3840114 💸  ✅+45 R$ OFF✅  🍟🍕🍔🍟🍕🍔🍟🍕🍔🍟🍕🍔🍟🍕🍔 cupom ifood  e uber eats;0
251;@o_Guirossi89 @MilGrau_2k6 🍟🍕🍔🍟🍕🍔🍟🍕🍔🍟🍕🍔🍟🍕🍔  Cupom Rappi !    💸45 R$ NO PEDIDO 📛  + 150 R$ DE FRETE GRÁTIS 💸  APROVEITEM A PROMOÇÃO.🛑 LINK NO PERFIL🛑  💸 Cupom: qrs3840114 💸  ✅+45 R$ OFF✅  🍟🍕🍔🍟🍕🍔🍟🍕🍔🍟🍕🍔🍟🍕🍔 cupom ifood  e uber eats;0
252;Aaaa por isso meu pedido no @iFood demorou pacas... (Além do cara ter voltado para pegar meu poke, que esqueceu...) https://t.co/wvcXhfdH1k;1
253;@Caioo_lacerda ja to abrindo o ifood p pedir uma torta 😍;0
254;@regayta 🍟🍕🍔🍟🍕🍔🍟🍕🍔🍟🍕🍔🍟🍕🍔  Cupom Rappi !    💸45 R$ NO PEDIDO 📛  + 150 R$ DE FRETE GRÁTIS 💸  APROVEITEM A PROMOÇÃO.🛑 LINK NO PERFIL🛑  💸 Cupom: qrs3840114 💸  ✅+45 R$ OFF✅  🍟🍕🍔🍟🍕🍔🍟🍕🍔🍟🍕🍔🍟🍕🍔 cupom ifood  e uber eats;0
255;@oluuas @lauraschwann 🍟🍕🍔🍟🍕🍔🍟🍕🍔🍟🍕🍔🍟🍕🍔  Cupom Rappi !    💸45 R$ NO PEDIDO 📛  + 150 R$ DE FRETE GRÁTIS 💸  APROVEITEM A PROMOÇÃO.🛑 LINK NO PERFIL🛑  💸 Cupom: qrs3840114 💸  ✅+45 R$ OFF✅  🍟🍕🍔🍟🍕🍔🍟🍕🍔🍟🍕🍔🍟🍕🍔 cupom ifood  e uber eats;0
256;quero comer mas nao quero nada que tenha SAL. ma tudo q eu vejo no ifood parece que tem muito sal;1
257;RT @janainalimasp: Nos últimos 2 anos, São Paulo regulamentou ou tentou regulamentar:  - Uber e semelhantes - IFood e semelhantes  - Patine…;0
258;@ferreiraluane02 @TalitaMicheleA 🍟🍕🍔🍟🍕🍔🍟🍕🍔🍟🍕🍔🍟🍕🍔  Cupom Rappi !    💸45 R$ NO PEDIDO 📛  + 150 R$ DE FRETE GRÁTIS 💸  APROVEITEM A PROMOÇÃO.🛑 LINK NO PERFIL🛑  💸 Cupom: qrs3840114 💸  ✅+45 R$ OFF✅  🍟🍕🍔🍟🍕🍔🍟🍕🍔🍟🍕🍔🍟🍕🍔 cupom ifood  e uber eats;0
259;@Moana_CRF17 🍟🍕🍔🍟🍕🍔🍟🍕🍔🍟🍕🍔🍟🍕🍔  Cupom Rappi !    💸45 R$ NO PEDIDO 📛  + 150 R$ DE FRETE GRÁTIS 💸  APROVEITEM A PROMOÇÃO.🛑 LINK NO PERFIL🛑  💸 Cupom: qrs3840114 💸  ✅+45 R$ OFF✅  🍟🍕🍔🍟🍕🍔🍟🍕🍔🍟🍕🍔🍟🍕🍔 cupom ifood  e uber eats;0
260;@_tchaia 🍟🍕🍔🍟🍕🍔🍟🍕🍔🍟🍕🍔🍟🍕🍔  Cupom Rappi !    💸45 R$ NO PEDIDO 📛  + 150 R$ DE FRETE GRÁTIS 💸  APROVEITEM A PROMOÇÃO.🛑 LINK NO PERFIL🛑  💸 Cupom: qrs3840114 💸  ✅+45 R$ OFF✅  🍟🍕🍔🍟🍕🍔🍟🍕🍔🍟🍕🍔🍟🍕🍔 cupom ifood  e uber eats;0
261;@silastteixeira 🍟🍕🍔🍟🍕🍔🍟🍕🍔🍟🍕🍔🍟🍕🍔  Cupom Rappi !    💸45 R$ NO PEDIDO 📛  + 150 R$ DE FRETE GRÁTIS 💸  APROVEITEM A PROMOÇÃO.🛑 LINK NO PERFIL🛑  💸 Cupom: qrs3840114 💸  ✅+45 R$ OFF✅  🍟🍕🍔🍟🍕🍔🍟🍕🍔🍟🍕🍔🍟🍕🍔 cupom ifood  e uber eats;0
262;A pessoa que pede qualquer delivery e não se atém ao motoboy, tem que tomar um chute no meio do cu! Os coitado fica buzinando e se gritando feito loucos pra vocês irem na avaliação do Ifood e dizer: ain nota 1 pq a entrega é muito demorada a comida veio fria... Blá blá blá;1
263;Se tu bota o numero do teu cartaozinho da UFRGS no Ifood tu ganha 15R$ de desconto em qualquer lanche mano   Pq que ninguem nunca falou disso?????;0
264;Uma vez no mês eu peço Mc pelo iFood. Coincidentemente na semana da tpm.;1
265;@_gabishow @dudaabrts 🍟🍕🍔🍟🍕🍔🍟🍕🍔🍟🍕🍔🍟🍕🍔  Cupom Rappi !    💸45 R$ NO PEDIDO 📛  + 150 R$ DE FRETE GRÁTIS 💸  APROVEITEM A PROMOÇÃO.🛑 LINK NO PERFIL🛑  💸 Cupom: qrs3840114 💸  ✅+45 R$ OFF✅  🍟🍕🍔🍟🍕🍔🍟🍕🍔🍟🍕🍔🍟🍕🍔 cupom ifood  e uber eats;0
266;@ticigm @plurallnet 🍟🍕🍔🍟🍕🍔🍟🍕🍔🍟🍕🍔🍟🍕🍔  Cupom Rappi !    💸45 R$ NO PEDIDO 📛  + 150 R$ DE FRETE GRÁTIS 💸  APROVEITEM A PROMOÇÃO.🛑 LINK NO PERFIL🛑  💸 Cupom: qrs3840114 💸  ✅+45 R$ OFF✅  🍟🍕🍔🍟🍕🍔🍟🍕🍔🍟🍕🍔🍟🍕🍔 cupom ifood  e uber eats;0
267;@crf_bk 🍟🍕🍔🍟🍕🍔🍟🍕🍔🍟🍕🍔🍟🍕🍔  Cupom Rappi !    💸45 R$ NO PEDIDO 📛  + 150 R$ DE FRETE GRÁTIS 💸  APROVEITEM A PROMOÇÃO.🛑 LINK NO PERFIL🛑  💸 Cupom: qrs3840114 💸  ✅+45 R$ OFF✅  🍟🍕🍔🍟🍕🍔🍟🍕🍔🍟🍕🍔🍟🍕🍔 cupom ifood  e uber eats;0
268;@Rayssa78490699 🍟🍕🍔🍟🍕🍔🍟🍕🍔🍟🍕🍔🍟🍕🍔  Cupom Rappi !    💸45 R$ NO PEDIDO 📛  + 150 R$ DE FRETE GRÁTIS 💸  APROVEITEM A PROMOÇÃO.🛑 LINK NO PERFIL🛑  💸 Cupom: qrs3840114 💸  ✅+45 R$ OFF✅  🍟🍕🍔🍟🍕🍔🍟🍕🍔🍟🍕🍔🍟🍕🍔 cupom ifood  e uber eats;0
269;Decepcionada com o ifood que tem um SANTO FILTRO pra vc filtrar todas as lojas que passam alelo refeição pelo SITE pra não pagar na entrega e daí NENHUMA DAS LOJAS ACEITA O CARTÃO, legal 👍;1
270;CUPOM DESCONTO  RAPPI qrs3840114 - 45 reais grátis  melhor que ifood e uber eats https://t.co/ZScNCT2ovJ;0
271;@ovicto_ 🍟🍕🍔🍟🍕🍔🍟🍕🍔🍟🍕🍔🍟🍕🍔  Cupom Rappi !    💸45 R$ NO PEDIDO 📛  + 150 R$ DE FRETE GRÁTIS 💸  APROVEITEM A PROMOÇÃO.🛑 LINK NO PERFIL🛑  💸 Cupom: qrs3840114 💸  ✅+45 R$ OFF✅  🍟🍕🍔🍟🍕🍔🍟🍕🍔🍟🍕🍔🍟🍕🍔 cupom ifood  e uber eats;0
272;@thiagomottajf 🍟🍕🍔🍟🍕🍔🍟🍕🍔🍟🍕🍔🍟🍕🍔  Cupom Rappi !    💸45 R$ NO PEDIDO 📛  + 150 R$ DE FRETE GRÁTIS 💸  APROVEITEM A PROMOÇÃO.🛑 LINK NO PERFIL🛑  💸 Cupom: qrs3840114 💸  ✅+45 R$ OFF✅  🍟🍕🍔🍟🍕🍔🍟🍕🍔🍟🍕🍔🍟🍕🍔 cupom ifood  e uber eats;0
273;@dudaabrts Santa Tereza, né bb? Pesquisa aí no iFood e me diz se aparece 😚;0
274;dnv a poha do @iFood dando problema e meu pedido n chegando inteiro....;1
275;Este app @iFood é o pior app inventado. Depois de mais de uma hora esperando, recebo a msg de cancelamento 😡😡😡😡😡;1
276;RT @janainalimasp: Nos últimos 2 anos, São Paulo regulamentou ou tentou regulamentar:  - Uber e semelhantes - IFood e semelhantes  - Patine…;0
277;Será que o iFood entrega aqui em casa ? https://t.co/P0ZADRWSqn;0
278;@idwlsope 🍟🍕🍔🍟🍕🍔🍟🍕🍔🍟🍕🍔🍟🍕🍔  Cupom Rappi !    💸45 R$ NO PEDIDO 📛  + 150 R$ DE FRETE GRÁTIS 💸  APROVEITEM A PROMOÇÃO.🛑 LINK NO PERFIL🛑  💸 Cupom: qrs3840114 💸  ✅+45 R$ OFF✅  🍟🍕🍔🍟🍕🍔🍟🍕🍔🍟🍕🍔🍟🍕🍔 cupom ifood  e uber eats;0
279;@lvv15 @m4keu @iFood @McDonalds_BR 🍟🍕🍔🍟🍕🍔🍟🍕🍔🍟🍕🍔🍟🍕🍔  Cupom Rappi !    💸45 R$ NO PEDIDO 📛  + 150 R$ DE FRETE GRÁTIS 💸  APROVEITEM A PROMOÇÃO.🛑 LINK NO PERFIL🛑  💸 Cupom: qrs3840114 💸  ✅+45 R$ OFF✅  🍟🍕🍔🍟🍕🍔🍟🍕🍔🍟🍕🍔🍟🍕🍔 cupom ifood  e uber eats;0
280;@AdriGreys @BK @SubwayBrasil 🍟🍕🍔🍟🍕🍔🍟🍕🍔🍟🍕🍔🍟🍕🍔  Cupom Rappi !    💸45 R$ NO PEDIDO 📛  + 150 R$ DE FRETE GRÁTIS 💸  APROVEITEM A PROMOÇÃO.🛑 LINK NO PERFIL🛑  💸 Cupom: qrs3840114 💸  ✅+45 R$ OFF✅  🍟🍕🍔🍟🍕🍔🍟🍕🍔🍟🍕🍔🍟🍕🍔 cupom ifood  e uber eats;0
281;@thiagul @GioTaruffe 🍟🍕🍔🍟🍕🍔🍟🍕🍔🍟🍕🍔🍟🍕🍔  Cupom Rappi !    💸45 R$ NO PEDIDO 📛  + 150 R$ DE FRETE GRÁTIS 💸  APROVEITEM A PROMOÇÃO.🛑 LINK NO PERFIL🛑  💸 Cupom: qrs3840114 💸  ✅+45 R$ OFF✅  🍟🍕🍔🍟🍕🍔🍟🍕🍔🍟🍕🍔🍟🍕🍔 cupom ifood  e uber eats;0
282;Que delícia pedir ifood e nn sair tudo do meu bolsinho Obrigada VR;1
283;RT @kaardeco: Adivinha quem acabou de cair em um golpe? 🤡🤡🤡🤡  Esfriei a cabeça e vou contar para vocês. Desde já gostaria de marcar as três…;0
284;@m4keu @iFood @McDonalds_BR Tu nunca tinha pedido um Ifood?;0
285;@IngoIan Podemos conversar melhor lá na DM?;0
286;@BruAmandio1 🍟🍕🍔🍟🍕🍔🍟🍕🍔🍟🍕🍔🍟🍕🍔  Cupom Rappi !    💸45 R$ NO PEDIDO 📛  + 150 R$ DE FRETE GRÁTIS 💸  APROVEITEM A PROMOÇÃO.🛑 LINK NO PERFIL🛑  💸 Cupom: qrs3840114 💸  ✅+45 R$ OFF✅  🍟🍕🍔🍟🍕🍔🍟🍕🍔🍟🍕🍔🍟🍕🍔 cupom ifood  e uber eats;0
287;@Anaraquelpg_ 🍟🍕🍔🍟🍕🍔🍟🍕🍔🍟🍕🍔🍟🍕🍔  Cupom Rappi !    💸45 R$ NO PEDIDO 📛  + 150 R$ DE FRETE GRÁTIS 💸  APROVEITEM A PROMOÇÃO.🛑 LINK NO PERFIL🛑  💸 Cupom: qrs3840114 💸  ✅+45 R$ OFF✅  🍟🍕🍔🍟🍕🍔🍟🍕🍔🍟🍕🍔🍟🍕🍔 cupom ifood  e uber eats;0
288;O iFood deu dois dias de folga pra Romulo e ele ficou puto kkkkkk ele tem é q agradecer, sa porra só trabalha;1
289;RT @yukivenn: me arrependi de gastar meu saldo do ifood com açaí agr to com fome e n da pra pedir marmita;0
290;@bberaldo_ 🍟🍕🍔🍟🍕🍔🍟🍕🍔🍟🍕🍔🍟🍕🍔  Cupom Rappi !    💸45 R$ NO PEDIDO 📛  + 150 R$ DE FRETE GRÁTIS 💸  APROVEITEM A PROMOÇÃO.🛑 LINK NO PERFIL🛑  💸 Cupom: qrs3840114 💸  ✅+45 R$ OFF✅  🍟🍕🍔🍟🍕🍔🍟🍕🍔🍟🍕🍔🍟🍕🍔 cupom ifood  e uber eats;0
291;@Puffy30902524 🍟🍕🍔🍟🍕🍔🍟🍕🍔🍟🍕🍔🍟🍕🍔  Cupom Rappi !    💸45 R$ NO PEDIDO 📛  + 150 R$ DE FRETE GRÁTIS 💸  APROVEITEM A PROMOÇÃO.🛑 LINK NO PERFIL🛑  💸 Cupom: qrs3840114 💸  ✅+45 R$ OFF✅  🍟🍕🍔🍟🍕🍔🍟🍕🍔🍟🍕🍔🍟🍕🍔 cupom ifood  e uber eats;0
292;@emanueI_ 🍟🍕🍔🍟🍕🍔🍟🍕🍔🍟🍕🍔🍟🍕🍔  Cupom Rappi !    💸45 R$ NO PEDIDO 📛  + 150 R$ DE FRETE GRÁTIS 💸  APROVEITEM A PROMOÇÃO.🛑 LINK NO PERFIL🛑  💸 Cupom: qrs3840114 💸  ✅+45 R$ OFF✅  🍟🍕🍔🍟🍕🍔🍟🍕🍔🍟🍕🍔🍟🍕🍔 cupom ifood  e uber eats;0
293;@rosavenxs 🍟🍕🍔🍟🍕🍔🍟🍕🍔🍟🍕🍔🍟🍕🍔  Cupom Rappi !    💸45 R$ NO PEDIDO 📛  + 150 R$ DE FRETE GRÁTIS 💸  APROVEITEM A PROMOÇÃO.🛑 LINK NO PERFIL🛑  💸 Cupom: qrs3840114 💸  ✅+45 R$ OFF✅  🍟🍕🍔🍟🍕🍔🍟🍕🍔🍟🍕🍔🍟🍕🍔 cupom ifood  e uber eats;0
294;@AlmadeOuro @SupertrampBella @augustostavares 🍟🍕🍔🍟🍕🍔🍟🍕🍔🍟🍕🍔🍟🍕🍔  Cupom Rappi !    💸45 R$ NO PEDIDO 📛  + 150 R$ DE FRETE GRÁTIS 💸  APROVEITEM A PROMOÇÃO.🛑 LINK NO PERFIL🛑  💸 Cupom: qrs3840114 💸  ✅+45 R$ OFF✅  🍟🍕🍔🍟🍕🍔🍟🍕🍔🍟🍕🍔🍟🍕🍔 cupom ifood  e uber eats;0
295;"toda semana (ou 2x na semana) meus vizinho escutam a buzina do ifood e pensam ""meu deus essa menina nao come uma comida decente""";1
296;RT @Mei_ofc: Alguém me paga um Ifood e digo se esperava ou não;0
297;calmo, tava fazendo as contas, ACHO que vou conseguir jogar cyberpunk esse mês, mas é 0 ifood em dezembro;1
298;me arrependi de gastar meu saldo do ifood com açaí agr to com fome e n da pra pedir marmita;1
299;RT @Tecio_Melo: Menos o entregador do ifood, o atendente da farmácia e pessoas da área da saúde, né? https://t.co/psaqK8KzDW;0
300;@CardosoKeteri 🍟🍕🍔🍟🍕🍔🍟🍕🍔🍟🍕🍔🍟🍕🍔  Cupom Rappi !    💸45 R$ NO PEDIDO 📛  + 150 R$ DE FRETE GRÁTIS 💸  APROVEITEM A PROMOÇÃO.🛑 LINK NO PERFIL🛑  💸 Cupom: qrs3840114 💸  ✅+45 R$ OFF✅  🍟🍕🍔🍟🍕🍔🍟🍕🍔🍟🍕🍔🍟🍕🍔 cupom ifood  e uber eats;0
301;PARA USUÁRIOS ANTIGOS:  Cupom Rappi 2 clássicos do McDonald's grátis: iaras3337r ou eri38205913r  PARA PRIMEIRO PEDIDO:  Cupom Rappi até 45 reais no pedido: cuponsd31 ou iaras3337 ou eri38205913  Ifood 15: Y1DS47T5UE ou X2F386NNZG  Uber Eats, Wish, 99Pop e outros no fixado https://t.co/ZvZraleref;0
302;1) Alexa pede comida no iFood  2) Alexa controla o seu roomba https://t.co/CykqnCxcxz  Mas tem uma melhor  3) Alexa, mande recado pra mamãe passar aqui https://t.co/FyXjZrt6B6;0
303;Tô igual uma louca acompanhando o motociclista do ifood;1
304;O ifood deve achar que eu sou milionária pq n é possível;1
305;@IsabelaLidorio 🍟🍕🍔🍟🍕🍔🍟🍕🍔🍟🍕🍔🍟🍕🍔  Cupom Rappi !    💸45 R$ NO PEDIDO 📛  + 150 R$ DE FRETE GRÁTIS 💸  APROVEITEM A PROMOÇÃO.🛑 LINK NO PERFIL🛑  💸 Cupom: qrs3840114 💸  ✅+45 R$ OFF✅  🍟🍕🍔🍟🍕🍔🍟🍕🍔🍟🍕🍔🍟🍕🍔 cupom ifood  e uber eats;0
306;@crislaine_reus 🍟🍕🍔🍟🍕🍔🍟🍕🍔🍟🍕🍔🍟🍕🍔  Cupom Rappi !    💸45 R$ NO PEDIDO 📛  + 150 R$ DE FRETE GRÁTIS 💸  APROVEITEM A PROMOÇÃO.🛑 LINK NO PERFIL🛑  💸 Cupom: qrs3840114 💸  ✅+45 R$ OFF✅  🍟🍕🍔🍟🍕🍔🍟🍕🍔🍟🍕🍔🍟🍕🍔 cupom ifood  e uber eats;0
307;@iFood quero elogiar o restaurante Natural Chef e o entregador Kauê Goulart. O primeiro que eu vi que, além de usar máscara, passou álcool gel nas mãos antes de pegar o pedido. Dei gorgeta, mas gostaria de deixar público e queira que essa mensagem chegasse até ele. Parabéns!!!;1
308;E cá estou eu fazendo a unha, para me distrair da banca do TCC hoje a tarde, e do nada começam a gritar na rua Carol Carol Carol e ai dps gritam Beatriz e iFood - o que eu acho que é almoço do pessoal da loja do lado ATE AÍ TUDO BEM;0
309;Vtnc @iFood só me manda cupom de almoço agora inferno 😠😠😠😠😠😠😠;1
310;@nua_la @iisabeab 🍟🍕🍔🍟🍕🍔🍟🍕🍔🍟🍕🍔🍟🍕🍔  Cupom Rappi !    💸45 R$ NO PEDIDO 📛  + 150 R$ DE FRETE GRÁTIS 💸  APROVEITEM A PROMOÇÃO.🛑 LINK NO PERFIL🛑  💸 Cupom: qrs3840114 💸  ✅+45 R$ OFF✅  🍟🍕🍔🍟🍕🍔🍟🍕🍔🍟🍕🍔🍟🍕🍔 cupom ifood  e uber eats;0
311;@A_Coutinhoo 🍟🍕🍔🍟🍕🍔🍟🍕🍔🍟🍕🍔🍟🍕🍔  Cupom Rappi !    💸45 R$ NO PEDIDO 📛  + 150 R$ DE FRETE GRÁTIS 💸  APROVEITEM A PROMOÇÃO.🛑 LINK NO PERFIL🛑  💸 Cupom: qrs3840114 💸  ✅+45 R$ OFF✅  🍟🍕🍔🍟🍕🍔🍟🍕🍔🍟🍕🍔🍟🍕🍔 cupom ifood  e uber eats;0
312;@natviaana 🍟🍕🍔🍟🍕🍔🍟🍕🍔🍟🍕🍔🍟🍕🍔  Cupom Rappi !    💸45 R$ NO PEDIDO 📛  + 150 R$ DE FRETE GRÁTIS 💸  APROVEITEM A PROMOÇÃO.🛑 LINK NO PERFIL🛑  💸 Cupom: qrs3840114 💸  ✅+45 R$ OFF✅  🍟🍕🍔🍟🍕🍔🍟🍕🍔🍟🍕🍔🍟🍕🍔 cupom ifood  e uber eats;0
313;#OpiniaoNoAr  A Amanda é aquela conformista da quarentena gourmet, que chama o iFood e tem empregada doméstica, babá e todas as regalias em casa.;0
314;@hemeterio1971 para que ela vai fazer o almoço se pode pedir commida pelo iFood?;1
315;@MariaRita Disse a burguesinha que fica presa pedindo Ifood 😂;0
316;Sinto que estou em uma bolha no YouTube, só passa propaganda do Ifood e App Magalu . Socorro . https://t.co/Wuq2kEcZCc;0
317;@SantJackzao 🍟🍕🍔🍟🍕🍔🍟🍕🍔🍟🍕🍔🍟🍕🍔  Cupom Rappi !    💸45 R$ NO PEDIDO 📛  + 150 R$ DE FRETE GRÁTIS 💸  APROVEITEM A PROMOÇÃO.🛑 LINK NO PERFIL🛑  💸 Cupom: qrs3840114 💸  ✅+45 R$ OFF✅  🍟🍕🍔🍟🍕🍔🍟🍕🍔🍟🍕🍔🍟🍕🍔 cupom ifood  e uber eats;0
318;@YanCunha0 🍟🍕🍔🍟🍕🍔🍟🍕🍔🍟🍕🍔🍟🍕🍔  Cupom Rappi !    💸45 R$ NO PEDIDO 📛  + 150 R$ DE FRETE GRÁTIS 💸  APROVEITEM A PROMOÇÃO.🛑 LINK NO PERFIL🛑  💸 Cupom: qrs3840114 💸  ✅+45 R$ OFF✅  🍟🍕🍔🍟🍕🍔🍟🍕🍔🍟🍕🍔🍟🍕🍔 cupom ifood  e uber eats;0
319;@JeitinhoDeCaru 🍟🍕🍔🍟🍕🍔🍟🍕🍔🍟🍕🍔🍟🍕🍔  Cupom Rappi !    💸45 R$ NO PEDIDO 📛  + 150 R$ DE FRETE GRÁTIS 💸  APROVEITEM A PROMOÇÃO.🛑 LINK NO PERFIL🛑  💸 Cupom: qrs3840114 💸  ✅+45 R$ OFF✅  🍟🍕🍔🍟🍕🍔🍟🍕🍔🍟🍕🍔🍟🍕🍔 cupom ifood  e uber eats;0
320;@patybranddao 🍟🍕🍔🍟🍕🍔🍟🍕🍔🍟🍕🍔🍟🍕🍔  Cupom Rappi !    💸45 R$ NO PEDIDO 📛  + 150 R$ DE FRETE GRÁTIS 💸  APROVEITEM A PROMOÇÃO.🛑 LINK NO PERFIL🛑  💸 Cupom: qrs3840114 💸  ✅+45 R$ OFF✅  🍟🍕🍔🍟🍕🍔🍟🍕🍔🍟🍕🍔🍟🍕🍔 cupom ifood  e uber eats;0
321;@anav_abreu Eu acho que falta um pouco dessa malemolência nos chochal mídia de ifood sabe;0
322;tô aqui no ifood só olhando as coisas mesmo pq nem com fome eu tô;1
323;@marinexia 🍟🍕🍔🍟🍕🍔🍟🍕🍔🍟🍕🍔🍟🍕🍔  Cupom Rappi !    💸45 R$ NO PEDIDO 📛  + 150 R$ DE FRETE GRÁTIS 💸  APROVEITEM A PROMOÇÃO.🛑 LINK NO PERFIL🛑  💸 Cupom: qrs3840114 💸  ✅+45 R$ OFF✅  🍟🍕🍔🍟🍕🍔🍟🍕🍔🍟🍕🍔🍟🍕🍔 cupom ifood  e uber eats;0
324;@maaykac18 🍟🍕🍔🍟🍕🍔🍟🍕🍔🍟🍕🍔🍟🍕🍔  Cupom Rappi !    💸45 R$ NO PEDIDO 📛  + 150 R$ DE FRETE GRÁTIS 💸  APROVEITEM A PROMOÇÃO.🛑 LINK NO PERFIL🛑  💸 Cupom: qrs3840114 💸  ✅+45 R$ OFF✅  🍟🍕🍔🍟🍕🍔🍟🍕🍔🍟🍕🍔🍟🍕🍔 cupom ifood  e uber eats;0
325;Mano do Ifood que veio entregar aqui no prédio ficou de resenha cmg na recepção e esqueceu quase de subir pra entregar o lanche kkkk;1
326;CUPOM DE DESCONTO   RAPPI: aas39569421  Utilize o código informado e tenha R$30 reais para gastar como quiser e R$150 para usar em frete no aplicativo. Válido para a sua primeira compra.   iFood: HGFRY4KGUS   R$15 na primeira compra. https://t.co/Tuz7t7zQ43;0
327;@kautzk1ng @Nitzu1x Mo fome,  ifood chega nunca 😐;1
328;Cadê o Loop do @iFood?! 🤔;1
329;Vou ver se tenho cupom no ifood pra mim pedir algo pra comer 😋;1
330;@eu_meresso 🍟🍕🍔🍟🍕🍔🍟🍕🍔🍟🍕🍔🍟🍕🍔  Cupom Rappi !    💸45 R$ NO PEDIDO 📛  + 150 R$ DE FRETE GRÁTIS 💸  APROVEITEM A PROMOÇÃO.🛑 LINK NO PERFIL🛑  💸 Cupom: qrs3840114 💸  ✅+45 R$ OFF✅  🍟🍕🍔🍟🍕🍔🍟🍕🍔🍟🍕🍔🍟🍕🍔 cupom ifood  e uber eats;0
331;@SailorMahrs @iFood 🍟🍕🍔🍟🍕🍔🍟🍕🍔🍟🍕🍔🍟🍕🍔  Cupom Rappi !    💸45 R$ NO PEDIDO 📛  + 150 R$ DE FRETE GRÁTIS 💸  APROVEITEM A PROMOÇÃO.🛑 LINK NO PERFIL🛑  💸 Cupom: qrs3840114 💸  ✅+45 R$ OFF✅  🍟🍕🍔🍟🍕🍔🍟🍕🍔🍟🍕🍔🍟🍕🍔 cupom ifood  e uber eats;0
332;@LhillPima 🍟🍕🍔🍟🍕🍔🍟🍕🍔🍟🍕🍔🍟🍕🍔  Cupom Rappi !    💸45 R$ NO PEDIDO 📛  + 150 R$ DE FRETE GRÁTIS 💸  APROVEITEM A PROMOÇÃO.🛑 LINK NO PERFIL🛑  💸 Cupom: qrs3840114 💸  ✅+45 R$ OFF✅  🍟🍕🍔🍟🍕🍔🍟🍕🍔🍟🍕🍔🍟🍕🍔 cupom ifood  e uber eats;0
333;Ia pagar dois reais na marmita aí o cupom do ifood expirou, tô triste😔;1
334;mais especificamente R$ 32,90 o preço do ifood que eu vou pagar por ter esquecido o almoço pronto em casa;1
335;RT @nizaldao: Todo dia um açaí no ifood por 2 reais;0
336;Cupons de desconto Ifood e uber eats ... RAPPI qrs3840114 - 45 R$ grátis  99 CUPOM BR6E2332 - 15 na sua corrida https://t.co/IR3bsIBKE7;0
337;@alinaribeiroo 🍟🍕🍔🍟🍕🍔🍟🍕🍔🍟🍕🍔🍟🍕🍔  Cupom Rappi !    💸45 R$ NO PEDIDO 📛  + 150 R$ DE FRETE GRÁTIS 💸  APROVEITEM A PROMOÇÃO.🛑 LINK NO PERFIL🛑  💸 Cupom: qrs3840114 💸  ✅+45 R$ OFF✅  🍟🍕🍔🍟🍕🍔🍟🍕🍔🍟🍕🍔🍟🍕🍔 cupom ifood  e uber eats;0
338;@willpersan 🍟🍕🍔🍟🍕🍔🍟🍕🍔🍟🍕🍔🍟🍕🍔  Cupom Rappi !    💸45 R$ NO PEDIDO 📛  + 150 R$ DE FRETE GRÁTIS 💸  APROVEITEM A PROMOÇÃO.🛑 LINK NO PERFIL🛑  💸 Cupom: qrs3840114 💸  ✅+45 R$ OFF✅  🍟🍕🍔🍟🍕🍔🍟🍕🍔🍟🍕🍔🍟🍕🍔 cupom ifood  e uber eats;0
339;Moscando no @iFood sem saber o que pedir pra almoçar;1
340;@cadeosavocadoo @Draconything 🍟🍕🍔🍟🍕🍔🍟🍕🍔🍟🍕🍔🍟🍕🍔  Cupom Rappi !    💸45 R$ NO PEDIDO 📛  + 150 R$ DE FRETE GRÁTIS 💸  APROVEITEM A PROMOÇÃO.🛑 LINK NO PERFIL🛑  💸 Cupom: qrs3840114 💸  ✅+45 R$ OFF✅  🍟🍕🍔🍟🍕🍔🍟🍕🍔🍟🍕🍔🍟🍕🍔 cupom ifood  e uber eats;0
341;@gaabrielgill Acho q sim vi no ifood outro dia;0
342;toda vez que venho na barra funda e abro o iFood, aparece domino’s e Carlo’s Bakery 😭😭😭😭;1
343;@rapahell Olá, me chama na DM, pode ser?;0
344;@maiconsmp @rolealeatorio @iFood @UberEats_br @RappiBrasil 🍟🍕🍔🍟🍕🍔🍟🍕🍔🍟🍕🍔🍟🍕🍔  Cupom Rappi !    💸45 R$ NO PEDIDO 📛  + 150 R$ DE FRETE GRÁTIS 💸  APROVEITEM A PROMOÇÃO.🛑 LINK NO PERFIL🛑  💸 Cupom: qrs3840114 💸  ✅+45 R$ OFF✅  🍟🍕🍔🍟🍕🍔🍟🍕🍔🍟🍕🍔🍟🍕🍔 cupom ifood  e uber eats;0
345;RT @JupiterGreek: Tá rolando sorteios de cupom do iFood lá na página da loja!!! :)  https://t.co/8cSkj7fSoF;0
346;@BKGustavo22 🍟🍕🍔🍟🍕🍔🍟🍕🍔🍟🍕🍔🍟🍕🍔  Cupom Rappi !    💸45 R$ NO PEDIDO 📛  + 150 R$ DE FRETE GRÁTIS 💸  APROVEITEM A PROMOÇÃO.🛑 LINK NO PERFIL🛑  💸 Cupom: qrs3840114 💸  ✅+45 R$ OFF✅  🍟🍕🍔🍟🍕🍔🍟🍕🍔🍟🍕🍔🍟🍕🍔 cupom ifood  e uber eats;0
347;@jxliarossini 🍟🍕🍔🍟🍕🍔🍟🍕🍔🍟🍕🍔🍟🍕🍔  Cupom Rappi !    💸45 R$ NO PEDIDO 📛  + 150 R$ DE FRETE GRÁTIS 💸  APROVEITEM A PROMOÇÃO.🛑 LINK NO PERFIL🛑  💸 Cupom: qrs3840114 💸  ✅+45 R$ OFF✅  🍟🍕🍔🍟🍕🍔🍟🍕🍔🍟🍕🍔🍟🍕🍔 cupom ifood  e uber eats;0
348;RT @JupiterGreek: Peçam no nosso iFood também. A gente recebe 1 pedido a cada 1 semana :(  Mas todo mundo que pede ama. Comida sempre bem t…;0
349;RT @JupiterGreek: Tá rolando sorteios de cupom do iFood lá na página da loja!!! :)  https://t.co/8cSkj7fSoF;0
350;RT @JupiterGreek: Usando esses códigos do RecargaPay (xc23926120) e PicPay (YJEGYX) você e eu ganhamos 10 reais  No PagBank, você ganha 20.…;0
351;RT @JupiterGreek: 💖 COMO NOS AJUDAR SEM DINHEIRO 💖  Pelo meu primeiro post, pessoas tiveram a ideia de pedir comida no nosso iFood para ser…;0
352;RT @JupiterGreek: A loja fica em São Gonçalo e temos entregas pelo iFood!  Entrega grátis no bairro Zé Garoto com pedidos direto com a gent…;0
353;@rolealeatorio Isso não chega nem perto do que já vi de entregadores do @iFood @UberEats_br e @RappiBrasil. Se o cliente soubesse o que 60% dos entregadores de aplicativos fazem com suas refeições, nunca mais pediriam. É dever dos aplicativos fiscalizarem esse tipo de situação.;0
354;Todo dia um açaí no ifood por 2 reais;1
355;@afroditeluzz @LucianoPatata 🍟🍕🍔🍟🍕🍔🍟🍕🍔🍟🍕🍔🍟🍕🍔  Cupom Rappi !    💸45 R$ NO PEDIDO 📛  + 150 R$ DE FRETE GRÁTIS 💸  APROVEITEM A PROMOÇÃO.🛑 LINK NO PERFIL🛑  💸 Cupom: qrs3840114 💸  ✅+45 R$ OFF✅  🍟🍕🍔🍟🍕🍔🍟🍕🍔🍟🍕🍔🍟🍕🍔 cupom ifood  e uber eats;0
356;@crlhmelinda 🍟🍕🍔🍟🍕🍔🍟🍕🍔🍟🍕🍔🍟🍕🍔  Cupom Rappi !    💸45 R$ NO PEDIDO 📛  + 150 R$ DE FRETE GRÁTIS 💸  APROVEITEM A PROMOÇÃO.🛑 LINK NO PERFIL🛑  💸 Cupom: qrs3840114 💸  ✅+45 R$ OFF✅  🍟🍕🍔🍟🍕🍔🍟🍕🍔🍟🍕🍔🍟🍕🍔 cupom ifood  e uber eats;0
357;@luvsunlouie 🍟🍕🍔🍟🍕🍔🍟🍕🍔🍟🍕🍔🍟🍕🍔  Cupom Rappi !    💸45 R$ NO PEDIDO 📛  + 150 R$ DE FRETE GRÁTIS 💸  APROVEITEM A PROMOÇÃO.🛑 LINK NO PERFIL🛑  💸 Cupom: qrs3840114 💸  ✅+45 R$ OFF✅  🍟🍕🍔🍟🍕🍔🍟🍕🍔🍟🍕🍔🍟🍕🍔 cupom ifood  e uber eats;0
358;As notificações de iFood são criativas demais. Eu me amarro kk;1
359;@isa_orfano feshow pode esperar q o ifood ta chegando ai ja;1
360;eu moro em Belém e a menina em Curitiba, ela tá pedindo meu almoço no Ifood pq eu esqueci meu dinheiro em casa, se isso não é um pedido de casamento então eu não sei de mais nada nessa vida https://t.co/CUmj6Hh6Lv;1
361;@kaardeco @iFood @falanext Eita! Chama a gente na DM ? Vamos te ajudar por lá.;0
362;@081vlrato @pqpfdl @iFood bota o cu na fita ent;0
363;Fico mais de 30m pra fazer compra pelo Ifood, a porra do aplicativo trava e eu perco a porra toda. Me dá um ódio inexplicável ter que colocar cada coisa na sacola tudo dnv 😠😠;1
364;@__Emilysz 🍟🍕🍔🍟🍕🍔🍟🍕🍔🍟🍕🍔🍟🍕🍔  Cupom Rappi !    💸45 R$ NO PEDIDO 📛  + 150 R$ DE FRETE GRÁTIS 💸  APROVEITEM A PROMOÇÃO.🛑 LINK NO PERFIL🛑  💸 Cupom: qrs3840114 💸  ✅+45 R$ OFF✅  🍟🍕🍔🍟🍕🍔🍟🍕🍔🍟🍕🍔🍟🍕🍔 cupom ifood  e uber eats;0
365;@shayenirenz @leopazz3 🍟🍕🍔🍟🍕🍔🍟🍕🍔🍟🍕🍔🍟🍕🍔  Cupom Rappi !    💸45 R$ NO PEDIDO 📛  + 150 R$ DE FRETE GRÁTIS 💸  APROVEITEM A PROMOÇÃO.🛑 LINK NO PERFIL🛑  💸 Cupom: qrs3840114 💸  ✅+45 R$ OFF✅  🍟🍕🍔🍟🍕🍔🍟🍕🍔🍟🍕🍔🍟🍕🍔 cupom ifood  e uber eats;0
366;@minadecuecaa @ragatanga 🍟🍕🍔🍟🍕🍔🍟🍕🍔🍟🍕🍔🍟🍕🍔  Cupom Rappi !    💸45 R$ NO PEDIDO 📛  + 150 R$ DE FRETE GRÁTIS 💸  APROVEITEM A PROMOÇÃO.🛑 LINK NO PERFIL🛑  💸 Cupom: qrs3840114 💸  ✅+45 R$ OFF✅  🍟🍕🍔🍟🍕🍔🍟🍕🍔🍟🍕🍔🍟🍕🍔 cupom ifood  e uber eats;0
367;@arrudabielinda 🍟🍕🍔🍟🍕🍔🍟🍕🍔🍟🍕🍔🍟🍕🍔  Cupom Rappi !    💸45 R$ NO PEDIDO 📛  + 150 R$ DE FRETE GRÁTIS 💸  APROVEITEM A PROMOÇÃO.🛑 LINK NO PERFIL🛑  💸 Cupom: qrs3840114 💸  ✅+45 R$ OFF✅  🍟🍕🍔🍟🍕🍔🍟🍕🍔🍟🍕🍔🍟🍕🍔 cupom ifood  e uber eats;0
368;Eu e a iasmin lacramos no ifood hoje vei 🥵🥵🥵 obrigado senhor, sei que tu es digno de poder e adoração;0
369;Caralho ifood para de mandar notificação de cupom ja entendi que os estagiarios sao jovens e criativos;1
370;amo esses cupons de desconto do ifood;1
371;não gostei ia muçar sushi e agora não vou mais, o ifood me paga, vou passar vontade quantas vezes mesmo???;1
372;@theusflima 🍟🍕🍔🍟🍕🍔🍟🍕🍔🍟🍕🍔🍟🍕🍔  Cupom Rappi !    💸45 R$ NO PEDIDO 📛  + 150 R$ DE FRETE GRÁTIS 💸  APROVEITEM A PROMOÇÃO.🛑 LINK NO PERFIL🛑  💸 Cupom: qrs3840114 💸  ✅+45 R$ OFF✅  🍟🍕🍔🍟🍕🍔🍟🍕🍔🍟🍕🍔🍟🍕🍔 cupom ifood  e uber eats;0
373;@JoyceCrtes2 🍟🍕🍔🍟🍕🍔🍟🍕🍔🍟🍕🍔🍟🍕🍔  Cupom Rappi !    💸45 R$ NO PEDIDO 📛  + 150 R$ DE FRETE GRÁTIS 💸  APROVEITEM A PROMOÇÃO.🛑 LINK NO PERFIL🛑  💸 Cupom: qrs3840114 💸  ✅+45 R$ OFF✅  🍟🍕🍔🍟🍕🍔🍟🍕🍔🍟🍕🍔🍟🍕🍔 cupom ifood  e uber eats;0
374;Pedi baião de 2 pelo ifood;0
375;nois foi atras de comida na madruga e pedimos ifood quando estavamos na frente do subway kkkkkk;1
376;❇❇❇❇❇❇❇❇ Cupom 45 R$ NO PEDIDO + 150 R$ DE FRETE GRÁTIS. APROVEITEM A PROMOÇÃO ➡➡➡💸Cupom: qrs3840114 💸⬅⬅⬅  ✅ +45 R$ OFF ✅  ❇❇❇❇❇❇❇❇ ifood e uber eats https://t.co/8MqO0KDeXQ;0
377;@temarcoo 🍟🍕🍔🍟🍕🍔🍟🍕🍔🍟🍕🍔🍟🍕🍔  Cupom Rappi !    💸45 R$ NO PEDIDO 📛  + 150 R$ DE FRETE GRÁTIS 💸  APROVEITEM A PROMOÇÃO.🛑 LINK NO PERFIL🛑  💸 Cupom: qrs3840114 💸  ✅+45 R$ OFF✅  🍟🍕🍔🍟🍕🍔🍟🍕🍔🍟🍕🍔🍟🍕🍔 cupom ifood  e uber eats;0
378;@temarcoo 🍟🍕🍔🍟🍕🍔🍟🍕🍔🍟🍕🍔🍟🍕🍔  Cupom Rappi !    💸45 R$ NO PEDIDO 📛  + 150 R$ DE FRETE GRÁTIS 💸  APROVEITEM A PROMOÇÃO.🛑 LINK NO PERFIL🛑  💸 Cupom: qrs3840114 💸  ✅+45 R$ OFF✅  🍟🍕🍔🍟🍕🍔🍟🍕🍔🍟🍕🍔🍟🍕🍔 cupom ifood  e uber eats;0
379;@Marcoscrvg97 🍟🍕🍔🍟🍕🍔🍟🍕🍔🍟🍕🍔🍟🍕🍔  Cupom Rappi !    💸45 R$ NO PEDIDO 📛  + 150 R$ DE FRETE GRÁTIS 💸  APROVEITEM A PROMOÇÃO.🛑 LINK NO PERFIL🛑  💸 Cupom: qrs3840114 💸  ✅+45 R$ OFF✅  🍟🍕🍔🍟🍕🍔🍟🍕🍔🍟🍕🍔🍟🍕🍔 cupom ifood  e uber eats;0
380;E eu que estou no trabalho, pedi meu almoço pelo ifood e coloquei o endereço de entrega na casa do @ 🤡;1
381;@biel9087 🍟🍕🍔🍟🍕🍔🍟🍕🍔🍟🍕🍔🍟🍕🍔  Cupom Rappi !    💸45 R$ NO PEDIDO 📛  + 150 R$ DE FRETE GRÁTIS 💸  APROVEITEM A PROMOÇÃO.🛑 LINK NO PERFIL🛑  💸 Cupom: qrs3840114 💸  ✅+45 R$ OFF✅  🍟🍕🍔🍟🍕🍔🍟🍕🍔🍟🍕🍔🍟🍕🍔 cupom ifood  e uber eats;0
382;@eusouhele 🍟🍕🍔🍟🍕🍔🍟🍕🍔🍟🍕🍔🍟🍕🍔  Cupom Rappi !    💸45 R$ NO PEDIDO 📛  + 150 R$ DE FRETE GRÁTIS 💸  APROVEITEM A PROMOÇÃO.🛑 LINK NO PERFIL🛑  💸 Cupom: qrs3840114 💸  ✅+45 R$ OFF✅  🍟🍕🍔🍟🍕🍔🍟🍕🍔🍟🍕🍔🍟🍕🍔 cupom ifood  e uber eats;0
383;@BoraZemani_ @Arjon_luli 🍟🍕🍔🍟🍕🍔🍟🍕🍔🍟🍕🍔🍟🍕🍔  Cupom Rappi !    💸45 R$ NO PEDIDO 📛  + 150 R$ DE FRETE GRÁTIS 💸  APROVEITEM A PROMOÇÃO.🛑 LINK NO PERFIL🛑  💸 Cupom: qrs3840114 💸  ✅+45 R$ OFF✅  🍟🍕🍔🍟🍕🍔🍟🍕🍔🍟🍕🍔🍟🍕🍔 cupom ifood  e uber eats;0
384;@awesomerivotril 🍟🍕🍔🍟🍕🍔🍟🍕🍔🍟🍕🍔🍟🍕🍔  Cupom Rappi !    💸45 R$ NO PEDIDO 📛  + 150 R$ DE FRETE GRÁTIS 💸  APROVEITEM A PROMOÇÃO.🛑 LINK NO PERFIL🛑  💸 Cupom: qrs3840114 💸  ✅+45 R$ OFF✅  🍟🍕🍔🍟🍕🍔🍟🍕🍔🍟🍕🍔🍟🍕🍔 cupom ifood  e uber eats;0
385;@derick69fps 🍟🍕🍔🍟🍕🍔🍟🍕🍔🍟🍕🍔🍟🍕🍔  Cupom Rappi !    💸45 R$ NO PEDIDO 📛  + 150 R$ DE FRETE GRÁTIS 💸  APROVEITEM A PROMOÇÃO.🛑 LINK NO PERFIL🛑  💸 Cupom: qrs3840114 💸  ✅+45 R$ OFF✅  🍟🍕🍔🍟🍕🍔🍟🍕🍔🍟🍕🍔🍟🍕🍔 cupom ifood  e uber eats;0
386;@R_Piovesan 🍟🍕🍔🍟🍕🍔🍟🍕🍔🍟🍕🍔🍟🍕🍔  Cupom Rappi !    💸45 R$ NO PEDIDO 📛  + 150 R$ DE FRETE GRÁTIS 💸  APROVEITEM A PROMOÇÃO.🛑 LINK NO PERFIL🛑  💸 Cupom: qrs3840114 💸  ✅+45 R$ OFF✅  🍟🍕🍔🍟🍕🍔🍟🍕🍔🍟🍕🍔🍟🍕🍔 cupom ifood  e uber eats;0
387;vários amg meu pegou auxílio e gastou bebendo kkk, se eu tivesse idade p pegar auxílio, já ia logo tirar uma 160 e começar a rodar no Ifood p fazer um papel, nego é MT burro mrm;0
388;@Rena @iFood eu perdi o apetite, falo, falo mas como muito pouco.;0
389;"CUPOM 09/12/2020  RAPPI -&gt; 1º pedido: mc431469682 ou usuários antigos: mc431469682r  AIRBNB -&gt; https://t.co/jc4MOfIbe3  99TAXI -&gt; Oziris12 ou https://t.co/N3e3dHd5h7 ou   a  PICPAY -&gt; YY3156 ou https://t.co/zjL7f2Jxqt  CORNERSHOP -&gt; https://t.co/ApD14DCPuZ  IFOOD -&gt; WLNRADTDYJ https://t.co/O2TBCxbK8D";0
390;@7Hepta_2Bi @raphaelcrfrj @bk_contador 🍟🍕🍔🍟🍕🍔🍟🍕🍔🍟🍕🍔🍟🍕🍔  Cupom Rappi !    💸45 R$ NO PEDIDO 📛  + 150 R$ DE FRETE GRÁTIS 💸  APROVEITEM A PROMOÇÃO.🛑 LINK NO PERFIL🛑  💸 Cupom: qrs3840114 💸  ✅+45 R$ OFF✅  🍟🍕🍔🍟🍕🍔🍟🍕🍔🍟🍕🍔🍟🍕🍔 cupom ifood  e uber eats;0
391;@Gmyraa @GS_2303 @Yavasconcellos_ 🍟🍕🍔🍟🍕🍔🍟🍕🍔🍟🍕🍔🍟🍕🍔  Cupom Rappi !    💸45 R$ NO PEDIDO 📛  + 150 R$ DE FRETE GRÁTIS 💸  APROVEITEM A PROMOÇÃO.🛑 LINK NO PERFIL🛑  💸 Cupom: qrs3840114 💸  ✅+45 R$ OFF✅  🍟🍕🍔🍟🍕🍔🍟🍕🍔🍟🍕🍔🍟🍕🍔 cupom ifood  e uber eats;0
392;@nycolasvidal 🍟🍕🍔🍟🍕🍔🍟🍕🍔🍟🍕🍔🍟🍕🍔  Cupom Rappi !    💸45 R$ NO PEDIDO 📛  + 150 R$ DE FRETE GRÁTIS 💸  APROVEITEM A PROMOÇÃO.🛑 LINK NO PERFIL🛑  💸 Cupom: qrs3840114 💸  ✅+45 R$ OFF✅  🍟🍕🍔🍟🍕🍔🍟🍕🍔🍟🍕🍔🍟🍕🍔 cupom ifood  e uber eats;0
393;@zainsvibez 🍟🍕🍔🍟🍕🍔🍟🍕🍔🍟🍕🍔🍟🍕🍔  Cupom Rappi !    💸45 R$ NO PEDIDO 📛  + 150 R$ DE FRETE GRÁTIS 💸  APROVEITEM A PROMOÇÃO.🛑 LINK NO PERFIL🛑  💸 Cupom: qrs3840114 💸  ✅+45 R$ OFF✅  🍟🍕🍔🍟🍕🍔🍟🍕🍔🍟🍕🍔🍟🍕🍔 cupom ifood  e uber eats;0
394;@DanielaAF @Rena @iFood 🍟🍕🍔🍟🍕🍔🍟🍕🍔🍟🍕🍔🍟🍕🍔  Cupom Rappi !    💸45 R$ NO PEDIDO 📛  + 150 R$ DE FRETE GRÁTIS 💸  APROVEITEM A PROMOÇÃO.🛑 LINK NO PERFIL🛑  💸 Cupom: qrs3840114 💸  ✅+45 R$ OFF✅  🍟🍕🍔🍟🍕🍔🍟🍕🍔🍟🍕🍔🍟🍕🍔 cupom ifood  e uber eats;0
395;@ZeDelivery eu tava olhando pelo ifood e lá a entrega tá 15,49 kkkk;1
396;@Rena @iFood vou me mudar pra sua casa.;1
397;CUPOM DESCONTO  RAPPI qrs3840114 - 45 reais grátis  melhor que ifood e uber eats https://t.co/rasIuKEcNa;0
398;@iguzr 🍟🍕🍔🍟🍕🍔🍟🍕🍔🍟🍕🍔🍟🍕🍔  Cupom Rappi !    💸45 R$ NO PEDIDO 📛  + 150 R$ DE FRETE GRÁTIS 💸  APROVEITEM A PROMOÇÃO.🛑 LINK NO PERFIL🛑  💸 Cupom: qrs3840114 💸  ✅+45 R$ OFF✅  🍟🍕🍔🍟🍕🍔🍟🍕🍔🍟🍕🍔🍟🍕🍔 cupom ifood  e uber eats;0
399;@hiasmymcostaa 🍟🍕🍔🍟🍕🍔🍟🍕🍔🍟🍕🍔🍟🍕🍔  Cupom Rappi !    💸45 R$ NO PEDIDO 📛  + 150 R$ DE FRETE GRÁTIS 💸  APROVEITEM A PROMOÇÃO.🛑 LINK NO PERFIL🛑  💸 Cupom: qrs3840114 💸  ✅+45 R$ OFF✅  🍟🍕🍔🍟🍕🍔🍟🍕🍔🍟🍕🍔🍟🍕🍔 cupom ifood  e uber eats;0
400;@dre_fer_ @trailsbianca @concaoficial 🍟🍕🍔🍟🍕🍔🍟🍕🍔🍟🍕🍔🍟🍕🍔  Cupom Rappi !    💸45 R$ NO PEDIDO 📛  + 150 R$ DE FRETE GRÁTIS 💸  APROVEITEM A PROMOÇÃO.🛑 LINK NO PERFIL🛑  💸 Cupom: qrs3840114 💸  ✅+45 R$ OFF✅  🍟🍕🍔🍟🍕🍔🍟🍕🍔🍟🍕🍔🍟🍕🍔 cupom ifood  e uber eats;0
401;@ngmgostadoenio 🍟🍕🍔🍟🍕🍔🍟🍕🍔🍟🍕🍔🍟🍕🍔  Cupom Rappi !    💸45 R$ NO PEDIDO 📛  + 150 R$ DE FRETE GRÁTIS 💸  APROVEITEM A PROMOÇÃO.🛑 LINK NO PERFIL🛑  💸 Cupom: qrs3840114 💸  ✅+45 R$ OFF✅  🍟🍕🍔🍟🍕🍔🍟🍕🍔🍟🍕🍔🍟🍕🍔 cupom ifood  e uber eats;0
402;CEO da Sinovac faz qualquer negócio. De repente até acerto com “ifood”. https://t.co/jsrbLMnLmi;1
403;RT @DNMARQUES_YTB: POSTEI O VÍDEO ENSINANDO COMO PEGAR A COMUDA GRÁTIS NO IFOOD, VÃO LÁ  https://t.co/ESfUohVcvV;0
404;@lili_oiq puta merda, vai de ifood (já pensou o ifood na br kkkkkkkkk);1
405;primeiro pedido do @iFood feito com sucesso, que alegria. e vamos de @McDonalds_BR 🥰😍😍 https://t.co/L5pip6Egwn;1
406;"CUPOM DEZEMBRO NATAL 2020 09/12/2020      RAPPI -&gt; 1º pedido: mc431469682 ou usuários antigos mc431469682r      IFOOD -&gt; WLNRADTDYJ      PRIVALIA -&gt; E927B3D7      WISH -&gt; CKYNDCPS      SEMPRE EM CASA -&gt; https://t.co/CNXv1Z4FMk https://t.co/3lcy8sOzES";0
407;Agora só falta uma de iFood pra fica suave;1
408;@_ogush @iFood Nós que agradecemos o seu contato e, sempre que precisar, conte com a gente! 😉;0
409;@puentilIa 🍟🍕🍔🍟🍕🍔🍟🍕🍔🍟🍕🍔🍟🍕🍔  Cupom Rappi !    💸45 R$ NO PEDIDO 📛  + 150 R$ DE FRETE GRÁTIS 💸  APROVEITEM A PROMOÇÃO.🛑 LINK NO PERFIL🛑  💸 Cupom: qrs3840114 💸  ✅+45 R$ OFF✅  🍟🍕🍔🍟🍕🍔🍟🍕🍔🍟🍕🍔🍟🍕🍔 cupom ifood  e uber eats;0
410;@srmanticore @TravetyGlamour 🍟🍕🍔🍟🍕🍔🍟🍕🍔🍟🍕🍔🍟🍕🍔  Cupom Rappi !    💸45 R$ NO PEDIDO 📛  + 150 R$ DE FRETE GRÁTIS 💸  APROVEITEM A PROMOÇÃO.🛑 LINK NO PERFIL🛑  💸 Cupom: qrs3840114 💸  ✅+45 R$ OFF✅  🍟🍕🍔🍟🍕🍔🍟🍕🍔🍟🍕🍔🍟🍕🍔 cupom ifood  e uber eats;0
411;e a Luma que usa o meu ifood, assusto quando aparece a notificação avisando que o pedido saiu pra entrega  sempre acho que pedi ifood sem querer;1
412;😋 Descontos em Delivery 🥰:  Cupom iFood 😍 R$15,00: BK5DVG7REE  Cupom Rappi 🤩 R$150,00: 27137507610  Uber Eats 😘: Eats-4GDJJRWPUE  James Delivery de R$20,00 😚: PAULOA6708  Código 99 Food 🙃: FOOD-H57U99  Cupom Zé Delivery 😁: PAURAMRKG;0
413;CUPOM DE DESCONTO   RAPPI: aas39569421  Utilize o código informado e tenha R$30 reais para gastar como quiser e R$150 para usar em frete no aplicativo. Válido para a sua primeira compra.   iFood: HGFRY4KGUS   R$15 na primeira compra. https://t.co/qf8p3zlxUT;0
414;@pedrovmrocha_ 🍟🍕🍔🍟🍕🍔🍟🍕🍔🍟🍕🍔🍟🍕🍔  Cupom Rappi !    💸45 R$ NO PEDIDO 📛  + 150 R$ DE FRETE GRÁTIS 💸  APROVEITEM A PROMOÇÃO.🛑 LINK NO PERFIL🛑  💸 Cupom: qrs3840114 💸  ✅+45 R$ OFF✅  🍟🍕🍔🍟🍕🍔🍟🍕🍔🍟🍕🍔🍟🍕🍔 cupom ifood  e uber eats;0
415;@AnnaFerreira12 🍟🍕🍔🍟🍕🍔🍟🍕🍔🍟🍕🍔🍟🍕🍔  Cupom Rappi !    💸45 R$ NO PEDIDO 📛  + 150 R$ DE FRETE GRÁTIS 💸  APROVEITEM A PROMOÇÃO.🛑 LINK NO PERFIL🛑  💸 Cupom: qrs3840114 💸  ✅+45 R$ OFF✅  🍟🍕🍔🍟🍕🍔🍟🍕🍔🍟🍕🍔🍟🍕🍔 cupom ifood  e uber eats;0
416;Eu tenho quase certeza que todos os entregadores do iFood são da carreta furacão!;1
417;@camilacouton 🍟🍕🍔🍟🍕🍔🍟🍕🍔🍟🍕🍔🍟🍕🍔  Cupom Rappi !    💸45 R$ NO PEDIDO 📛  + 150 R$ DE FRETE GRÁTIS 💸  APROVEITEM A PROMOÇÃO.🛑 LINK NO PERFIL🛑  💸 Cupom: qrs3840114 💸  ✅+45 R$ OFF✅  🍟🍕🍔🍟🍕🍔🍟🍕🍔🍟🍕🍔🍟🍕🍔 cupom ifood  e uber eats;0
418;@livia_porto @Lanna_S 🍟🍕🍔🍟🍕🍔🍟🍕🍔🍟🍕🍔🍟🍕🍔  Cupom Rappi !    💸45 R$ NO PEDIDO 📛  + 150 R$ DE FRETE GRÁTIS 💸  APROVEITEM A PROMOÇÃO.🛑 LINK NO PERFIL🛑  💸 Cupom: qrs3840114 💸  ✅+45 R$ OFF✅  🍟🍕🍔🍟🍕🍔🍟🍕🍔🍟🍕🍔🍟🍕🍔 cupom ifood  e uber eats;0
419;@bicmuller Exceto o entregador do ifood,os trabalhadores de farmácias e supermercados (pq tem q seguir alimentando a quarentena gourmet),menos os q se aglomeram em ônibus e metrô p ganhar o pão de cada dia ,e os profissionais da saúde ,claro,q n pararam e nem tiveram essa opção mesmo! 🤮;0
420;1300 reais de cartão de crédito metade pedido no ifood mereço direitos?  https://t.co/omOrfRq29z;1
421;@ajulysantos E comida uso ifood, até para supermercado. Várias vezes não entregaram a compra, ou entregam apenas alguns produtos, e eles estornam o que está de errado.;1
422;@pmatsuyuri 🍟🍕🍔🍟🍕🍔🍟🍕🍔🍟🍕🍔🍟🍕🍔  Cupom Rappi !    💸45 R$ NO PEDIDO 📛  + 150 R$ DE FRETE GRÁTIS 💸  APROVEITEM A PROMOÇÃO.🛑 LINK NO PERFIL🛑  💸 Cupom: qrs3840114 💸  ✅+45 R$ OFF✅  🍟🍕🍔🍟🍕🍔🍟🍕🍔🍟🍕🍔🍟🍕🍔 cupom ifood  e uber eats;0
423;@LariNickolly 🍟🍕🍔🍟🍕🍔🍟🍕🍔🍟🍕🍔🍟🍕🍔  Cupom Rappi !    💸45 R$ NO PEDIDO 📛  + 150 R$ DE FRETE GRÁTIS 💸  APROVEITEM A PROMOÇÃO.🛑 LINK NO PERFIL🛑  💸 Cupom: qrs3840114 💸  ✅+45 R$ OFF✅  🍟🍕🍔🍟🍕🍔🍟🍕🍔🍟🍕🍔🍟🍕🍔 cupom ifood  e uber eats;0
424;@emelinbru 🍟🍕🍔🍟🍕🍔🍟🍕🍔🍟🍕🍔🍟🍕🍔  Cupom Rappi !    💸45 R$ NO PEDIDO 📛  + 150 R$ DE FRETE GRÁTIS 💸  APROVEITEM A PROMOÇÃO.🛑 LINK NO PERFIL🛑  💸 Cupom: qrs3840114 💸  ✅+45 R$ OFF✅  🍟🍕🍔🍟🍕🍔🍟🍕🍔🍟🍕🍔🍟🍕🍔 cupom ifood  e uber eats;0
425;@Lanna_S Tenho percebido isso em Feira de Santana tb. Motoboys entregando pedidos do iFood sem máscara...;1
426;PARA USUÁRIOS ANTIGOS:  Cupom Rappi 2 clássicos do McDonald's grátis: iaras3337r ou eri38205913r  PARA PRIMEIRO PEDIDO:  Cupom Rappi até 45 reais no pedido: cuponsd31 ou iaras3337 ou eri38205913  Ifood 15: Y1DS47T5UE ou X2F386NNZG  Uber Eats, Wish, 99Pop e outros no fixado https://t.co/mJd5vEYxQT;0
427;@BKActualWizard @Capi_America4 🍟🍕🍔🍟🍕🍔🍟🍕🍔🍟🍕🍔🍟🍕🍔  Cupom Rappi !    💸45 R$ NO PEDIDO 📛  + 150 R$ DE FRETE GRÁTIS 💸  APROVEITEM A PROMOÇÃO.🛑 LINK NO PERFIL🛑  💸 Cupom: qrs3840114 💸  ✅+45 R$ OFF✅  🍟🍕🍔🍟🍕🍔🍟🍕🍔🍟🍕🍔🍟🍕🍔 cupom ifood  e uber eats;0
428;@alicecorreiaaa 🍟🍕🍔🍟🍕🍔🍟🍕🍔🍟🍕🍔🍟🍕🍔  Cupom Rappi !    💸45 R$ NO PEDIDO 📛  + 150 R$ DE FRETE GRÁTIS 💸  APROVEITEM A PROMOÇÃO.🛑 LINK NO PERFIL🛑  💸 Cupom: qrs3840114 💸  ✅+45 R$ OFF✅  🍟🍕🍔🍟🍕🍔🍟🍕🍔🍟🍕🍔🍟🍕🍔 cupom ifood  e uber eats;0
429;@eumariaaap 🍟🍕🍔🍟🍕🍔🍟🍕🍔🍟🍕🍔🍟🍕🍔  Cupom Rappi !    💸45 R$ NO PEDIDO 📛  + 150 R$ DE FRETE GRÁTIS 💸  APROVEITEM A PROMOÇÃO.🛑 LINK NO PERFIL🛑  💸 Cupom: qrs3840114 💸  ✅+45 R$ OFF✅  🍟🍕🍔🍟🍕🍔🍟🍕🍔🍟🍕🍔🍟🍕🍔 cupom ifood  e uber eats;0
430;Estava triste, entrei no ifood e gastei 70 reais em um almoço pra mim.;1
431;Fico extremamente irritada qnd o entregador do ifood nao le a especificacao q a entrega eh pra deixar na caralha da recepcao e fica batendo na minha porta no meio do atendimento;1
432;@SubwayBrasil 🍟🍕🍔🍟🍕🍔🍟🍕🍔🍟🍕🍔🍟🍕🍔  Cupom Rappi !    💸45 R$ NO PEDIDO 📛  + 150 R$ DE FRETE GRÁTIS 💸  APROVEITEM A PROMOÇÃO.🛑 LINK NO PERFIL🛑  💸 Cupom: qrs3840114 💸  ✅+45 R$ OFF✅  🍟🍕🍔🍟🍕🍔🍟🍕🍔🍟🍕🍔🍟🍕🍔 cupom ifood  e uber eats;0
433;@C4TZUME 🍟🍕🍔🍟🍕🍔🍟🍕🍔🍟🍕🍔🍟🍕🍔  Cupom Rappi !    💸45 R$ NO PEDIDO 📛  + 150 R$ DE FRETE GRÁTIS 💸  APROVEITEM A PROMOÇÃO.🛑 LINK NO PERFIL🛑  💸 Cupom: qrs3840114 💸  ✅+45 R$ OFF✅  🍟🍕🍔🍟🍕🍔🍟🍕🍔🍟🍕🍔🍟🍕🍔 cupom ifood  e uber eats;0
434;@taeginner 🍟🍕🍔🍟🍕🍔🍟🍕🍔🍟🍕🍔🍟🍕🍔  Cupom Rappi !    💸45 R$ NO PEDIDO 📛  + 150 R$ DE FRETE GRÁTIS 💸  APROVEITEM A PROMOÇÃO.🛑 LINK NO PERFIL🛑  💸 Cupom: qrs3840114 💸  ✅+45 R$ OFF✅  🍟🍕🍔🍟🍕🍔🍟🍕🍔🍟🍕🍔🍟🍕🍔 cupom ifood  e uber eats;0
435;Ifood loop tem o melhor custo benefício que eu já vi, bom demais demais demais;1
436;Desde ontem tentando economizar no mês, comprando o plano do Club @iFood e só dá erro... 😔😔😔;1
437;minha melhor notificação é do ifood dizendo que meu pedido saiu para entrega;1
438;Dona @iFood deveria aprender 🙄;1
439;@Biiah15 @essanaao 🍟🍕🍔🍟🍕🍔🍟🍕🍔🍟🍕🍔🍟🍕🍔  Cupom Rappi !    💸45 R$ NO PEDIDO 📛  + 150 R$ DE FRETE GRÁTIS 💸  APROVEITEM A PROMOÇÃO.🛑 LINK NO PERFIL🛑  💸 Cupom: qrs3840114 💸  ✅+45 R$ OFF✅  🍟🍕🍔🍟🍕🍔🍟🍕🍔🍟🍕🍔🍟🍕🍔 cupom ifood  e uber eats;0
440;@biadovrau @luizaparente4 o jeito que a gente fazia tudo na sala era diferente, do nada começava a se maquiar, se deitava no chão, jogava uno, pedia ifood, comia na aula, algo me leva a crer que era por isso que o mh não gostava da gente;0
441;preciso levantar da cama pra ir no mercado e fazer meu almoço mas tô morrendo, ifood é sempre uma boa opção;1
442;@jessicxsf @ingridrosarioo @tuitalolo @euandredamiao 🍟🍕🍔🍟🍕🍔🍟🍕🍔🍟🍕🍔🍟🍕🍔  Cupom Rappi !    💸45 R$ NO PEDIDO 📛  + 150 R$ DE FRETE GRÁTIS 💸  APROVEITEM A PROMOÇÃO.🛑 LINK NO PERFIL🛑  💸 Cupom: qrs3840114 💸  ✅+45 R$ OFF✅  🍟🍕🍔🍟🍕🍔🍟🍕🍔🍟🍕🍔🍟🍕🍔 cupom ifood  e uber eats;0
443;@VinnyODS 🍟🍕🍔🍟🍕🍔🍟🍕🍔🍟🍕🍔🍟🍕🍔  Cupom Rappi !    💸45 R$ NO PEDIDO 📛  + 150 R$ DE FRETE GRÁTIS 💸  APROVEITEM A PROMOÇÃO.🛑 LINK NO PERFIL🛑  💸 Cupom: qrs3840114 💸  ✅+45 R$ OFF✅  🍟🍕🍔🍟🍕🍔🍟🍕🍔🍟🍕🍔🍟🍕🍔 cupom ifood  e uber eats;0
444;@caiovpgomes @g1 🍟🍕🍔🍟🍕🍔🍟🍕🍔🍟🍕🍔🍟🍕🍔  Cupom Rappi !    💸45 R$ NO PEDIDO 📛  + 150 R$ DE FRETE GRÁTIS 💸  APROVEITEM A PROMOÇÃO.🛑 LINK NO PERFIL🛑  💸 Cupom: qrs3840114 💸  ✅+45 R$ OFF✅  🍟🍕🍔🍟🍕🍔🍟🍕🍔🍟🍕🍔🍟🍕🍔 cupom ifood  e uber eats;0
445;Menos o entregador do ifood, o atendente da farmácia e pessoas da área da saúde, né? https://t.co/psaqK8KzDW;0
446;@naraKa_O 🍟🍕🍔🍟🍕🍔🍟🍕🍔🍟🍕🍔🍟🍕🍔  Cupom Rappi !    💸45 R$ NO PEDIDO 📛  + 150 R$ DE FRETE GRÁTIS 💸  APROVEITEM A PROMOÇÃO.🛑 LINK NO PERFIL🛑  💸 Cupom: qrs3840114 💸  ✅+45 R$ OFF✅  🍟🍕🍔🍟🍕🍔🍟🍕🍔🍟🍕🍔🍟🍕🍔 cupom ifood  e uber eats;0
447;@PearGus 🍟🍕🍔🍟🍕🍔🍟🍕🍔🍟🍕🍔🍟🍕🍔  Cupom Rappi !    💸45 R$ NO PEDIDO 📛  + 150 R$ DE FRETE GRÁTIS 💸  APROVEITEM A PROMOÇÃO.🛑 LINK NO PERFIL🛑  💸 Cupom: qrs3840114 💸  ✅+45 R$ OFF✅  🍟🍕🍔🍟🍕🍔🍟🍕🍔🍟🍕🍔🍟🍕🍔 cupom ifood  e uber eats;0
448;@jaqslinne 🍟🍕🍔🍟🍕🍔🍟🍕🍔🍟🍕🍔🍟🍕🍔  Cupom Rappi !    💸45 R$ NO PEDIDO 📛  + 150 R$ DE FRETE GRÁTIS 💸  APROVEITEM A PROMOÇÃO.🛑 LINK NO PERFIL🛑  💸 Cupom: qrs3840114 💸  ✅+45 R$ OFF✅  🍟🍕🍔🍟🍕🍔🍟🍕🍔🍟🍕🍔🍟🍕🍔 cupom ifood  e uber eats;0
449;bom dia, alguém me manda um ifood? Obg de nada;1
450;caralho ksksksksk é real achei que era meme, acabei de ver entregador do ifood dando grau de moto skksksksksk;1
451;@deborandotudo Ué esse povo tá doido, pq no ifood (que cobra mais caro) o barato do dia tá 10.50, e o baratissimo eh ainda mais barato https://t.co/vD0sZFwIjz;1
452;@mvitorialima_ 🍟🍕🍔🍟🍕🍔🍟🍕🍔🍟🍕🍔🍟🍕🍔  Cupom Rappi !    💸45 R$ NO PEDIDO 📛  + 150 R$ DE FRETE GRÁTIS 💸  APROVEITEM A PROMOÇÃO.🛑 LINK NO PERFIL🛑  💸 Cupom: qrs3840114 💸  ✅+45 R$ OFF✅  🍟🍕🍔🍟🍕🍔🍟🍕🍔🍟🍕🍔🍟🍕🍔 cupom ifood  e uber eats;0
453;@DanielleSthef 🍟🍕🍔🍟🍕🍔🍟🍕🍔🍟🍕🍔🍟🍕🍔  Cupom Rappi !    💸45 R$ NO PEDIDO 📛  + 150 R$ DE FRETE GRÁTIS 💸  APROVEITEM A PROMOÇÃO.🛑 LINK NO PERFIL🛑  💸 Cupom: qrs3840114 💸  ✅+45 R$ OFF✅  🍟🍕🍔🍟🍕🍔🍟🍕🍔🍟🍕🍔🍟🍕🍔 cupom ifood  e uber eats;0
454;A final do cearense sábado e o ifood resolve me mandar cupons https://t.co/16DfMyfLxo;1
455;RT @DNMARQUES_YTB: POSTEI O VÍDEO ENSINANDO COMO PEGAR A COMUDA GRÁTIS NO IFOOD, VÃO LÁ  https://t.co/ESfUohVcvV;0
456;@mariasc_44 🍟🍕🍔🍟🍕🍔🍟🍕🍔🍟🍕🍔🍟🍕🍔  Cupom Rappi !    💸45 R$ NO PEDIDO 📛  + 150 R$ DE FRETE GRÁTIS 💸  APROVEITEM A PROMOÇÃO.🛑 LINK NO PERFIL🛑  💸 Cupom: qrs3840114 💸  ✅+45 R$ OFF✅  🍟🍕🍔🍟🍕🍔🍟🍕🍔🍟🍕🍔🍟🍕🍔 cupom ifood  e uber eats;0
457;@kaylaneloreto 🍟🍕🍔🍟🍕🍔🍟🍕🍔🍟🍕🍔🍟🍕🍔  Cupom Rappi !    💸45 R$ NO PEDIDO 📛  + 150 R$ DE FRETE GRÁTIS 💸  APROVEITEM A PROMOÇÃO.🛑 LINK NO PERFIL🛑  💸 Cupom: qrs3840114 💸  ✅+45 R$ OFF✅  🍟🍕🍔🍟🍕🍔🍟🍕🍔🍟🍕🍔🍟🍕🍔 cupom ifood  e uber eats;0
458;E o @iFood que falou que teria reembolso do meu pedido e nunca mais me respondeu na DM? KKKKKKKK o @iFood é ruim demais.;1
459;comprei broa no Ifood e chegou broa salgada tnc q ódio;1
460;rappi e ifood hj estao de marola cmg 😴;1
461;Cupons de desconto Ifood e uber eats ... RAPPI qrs3840114 - 45 R$ grátis  99 CUPOM BR6E2332 - 15 na sua corrida https://t.co/KSknM3Rn0X;0
462;@laisaa_12 🍟🍕🍔🍟🍕🍔🍟🍕🍔🍟🍕🍔🍟🍕🍔  Cupom Rappi !    💸45 R$ NO PEDIDO 📛  + 150 R$ DE FRETE GRÁTIS 💸  APROVEITEM A PROMOÇÃO.🛑 LINK NO PERFIL🛑  💸 Cupom: qrs3840114 💸  ✅+45 R$ OFF✅  🍟🍕🍔🍟🍕🍔🍟🍕🍔🍟🍕🍔🍟🍕🍔 cupom ifood  e uber eats;0
463;@_nathaliaboeira 🍟🍕🍔🍟🍕🍔🍟🍕🍔🍟🍕🍔🍟🍕🍔  Cupom Rappi !    💸45 R$ NO PEDIDO 📛  + 150 R$ DE FRETE GRÁTIS 💸  APROVEITEM A PROMOÇÃO.🛑 LINK NO PERFIL🛑  💸 Cupom: qrs3840114 💸  ✅+45 R$ OFF✅  🍟🍕🍔🍟🍕🍔🍟🍕🍔🍟🍕🍔🍟🍕🍔 cupom ifood  e uber eats;0
464;@yass1909 🍟🍕🍔🍟🍕🍔🍟🍕🍔🍟🍕🍔🍟🍕🍔  Cupom Rappi !    💸45 R$ NO PEDIDO 📛  + 150 R$ DE FRETE GRÁTIS 💸  APROVEITEM A PROMOÇÃO.🛑 LINK NO PERFIL🛑  💸 Cupom: qrs3840114 💸  ✅+45 R$ OFF✅  🍟🍕🍔🍟🍕🍔🍟🍕🍔🍟🍕🍔🍟🍕🍔 cupom ifood  e uber eats;0
465;@condorandino_ Se foi pelo Ifood ele tem dessas aleatório as vezes kkk mas que bom que conseguiu;1
466;@josiimachado1 🍟🍕🍔🍟🍕🍔🍟🍕🍔🍟🍕🍔🍟🍕🍔  Cupom Rappi !    💸45 R$ NO PEDIDO 📛  + 150 R$ DE FRETE GRÁTIS 💸  APROVEITEM A PROMOÇÃO.🛑 LINK NO PERFIL🛑  💸 Cupom: qrs3840114 💸  ✅+45 R$ OFF✅  🍟🍕🍔🍟🍕🍔🍟🍕🍔🍟🍕🍔🍟🍕🍔 cupom ifood  e uber eats;0
467;@jucesah Pior que era bom mesmo. Vinha em quentinhas, por um preço bem honesto. Pedíamos pelo Ifood e tudo. Mas a graça era o momento mesmo. Hahahahahaha;1
468;sdds ter dinheiro pra pedir um ifood 🥺💔;1
469;Hoje é #quarta, então já, já as cumbuquinhas de #feijoada estarão fumegando nas mesas do Boteco São Paulo (e nas embalagens para viagem também!). Não perca essa delícia - seja pra consumo no local, por delivery / takeaway ou iFood. Pedidos: (11) 3872-2444 e 98830-2140. #botecosp https://t.co/l3lNluregn;0
470;@egidiodecarli1 Mo usei o cupom de 30 do iFood e comprei no extrabom;0
471;Usufruindo dessas promoções malucas do ifood kkkkkkkk;1
472;Dica de ouro: baixem o ifood e vejam se vocês também ganharam 2 cupons de 40 reais pra mercado e pet shop   Eu fiz compra pra casa e estoque de ração pra Berenice;1
473;felicidade que o meu ifood tá aceitando dinheiro dnvvvvvvvvv obg deus🙏🏻;1
474;@viniborca 🍟🍕🍔🍟🍕🍔🍟🍕🍔🍟🍕🍔🍟🍕🍔  Cupom Rappi !    💸45 R$ NO PEDIDO 📛  + 150 R$ DE FRETE GRÁTIS 💸  APROVEITEM A PROMOÇÃO.🛑 LINK NO PERFIL🛑  💸 Cupom: qrs3840114 💸  ✅+45 R$ OFF✅  🍟🍕🍔🍟🍕🍔🍟🍕🍔🍟🍕🍔🍟🍕🍔 cupom ifood  e uber eats;0
475;@tio_leleu @euduslv 🍟🍕🍔🍟🍕🍔🍟🍕🍔🍟🍕🍔🍟🍕🍔  Cupom Rappi !    💸45 R$ NO PEDIDO 📛  + 150 R$ DE FRETE GRÁTIS 💸  APROVEITEM A PROMOÇÃO.🛑 LINK NO PERFIL🛑  💸 Cupom: qrs3840114 💸  ✅+45 R$ OFF✅  🍟🍕🍔🍟🍕🍔🍟🍕🍔🍟🍕🍔🍟🍕🍔 cupom ifood  e uber eats;0
476;Ai que ódio que eu tô do ifood vai tomar no cuuuuuuuu Estragou a surpresa vsf;1
477;Minha mãe reclamando pq pedi comida no iFood mkkkkkkk não tem nd pra ficar reclamando das coisas q eu faço e inventa isso kkkkkkk;1
478;muitas áreas incluídas no iFood, principalmente comunidades, ZS e etc.... toma-lhe expansão do Midnight pra porra toda!!!!;1
479;@_eduardcosta 🍟🍕🍔🍟🍕🍔🍟🍕🍔🍟🍕🍔🍟🍕🍔  Cupom Rappi !    💸45 R$ NO PEDIDO 📛  + 150 R$ DE FRETE GRÁTIS 💸  APROVEITEM A PROMOÇÃO.🛑 LINK NO PERFIL🛑  💸 Cupom: qrs3840114 💸  ✅+45 R$ OFF✅  🍟🍕🍔🍟🍕🍔🍟🍕🍔🍟🍕🍔🍟🍕🍔 cupom ifood  e uber eats;0
480;@FrancynneSm 🍟🍕🍔🍟🍕🍔🍟🍕🍔🍟🍕🍔🍟🍕🍔  Cupom Rappi !    💸45 R$ NO PEDIDO 📛  + 150 R$ DE FRETE GRÁTIS 💸  APROVEITEM A PROMOÇÃO.🛑 LINK NO PERFIL🛑  💸 Cupom: qrs3840114 💸  ✅+45 R$ OFF✅  🍟🍕🍔🍟🍕🍔🍟🍕🍔🍟🍕🍔🍟🍕🍔 cupom ifood  e uber eats;0
481;@Naayarasilva20 🍟🍕🍔🍟🍕🍔🍟🍕🍔🍟🍕🍔🍟🍕🍔  Cupom Rappi !    💸45 R$ NO PEDIDO 📛  + 150 R$ DE FRETE GRÁTIS 💸  APROVEITEM A PROMOÇÃO.🛑 LINK NO PERFIL🛑  💸 Cupom: qrs3840114 💸  ✅+45 R$ OFF✅  🍟🍕🍔🍟🍕🍔🍟🍕🍔🍟🍕🍔🍟🍕🍔 cupom ifood  e uber eats;0
482;@italofariasdes1 🍟🍕🍔🍟🍕🍔🍟🍕🍔🍟🍕🍔🍟🍕🍔  Cupom Rappi !    💸45 R$ NO PEDIDO 📛  + 150 R$ DE FRETE GRÁTIS 💸  APROVEITEM A PROMOÇÃO.🛑 LINK NO PERFIL🛑  💸 Cupom: qrs3840114 💸  ✅+45 R$ OFF✅  🍟🍕🍔🍟🍕🍔🍟🍕🍔🍟🍕🍔🍟🍕🍔 cupom ifood  e uber eats;0
483;e esperando o ifood me dar um cupom q pague tudo 🤡 https://t.co/dbdGAVKNBk;1
484;o ifood me manda o carai daquela notificação de clube do ifood ai vc tenta comparar o carai dos cupom e da erro;1
485;queria entender o que se passa na mente do estagiário do ifood kkkkkkkkkkk;1
486;@Joe_crvg 🍟🍕🍔🍟🍕🍔🍟🍕🍔🍟🍕🍔🍟🍕🍔  Cupom Rappi !    💸45 R$ NO PEDIDO 📛  + 150 R$ DE FRETE GRÁTIS 💸  APROVEITEM A PROMOÇÃO.🛑 LINK NO PERFIL🛑  💸 Cupom: qrs3840114 💸  ✅+45 R$ OFF✅  🍟🍕🍔🍟🍕🍔🍟🍕🍔🍟🍕🍔🍟🍕🍔 cupom ifood  e uber eats;0
487;@GR4YC0NAN @oikawatobioo 🍟🍕🍔🍟🍕🍔🍟🍕🍔🍟🍕🍔🍟🍕🍔  Cupom Rappi !    💸45 R$ NO PEDIDO 📛  + 150 R$ DE FRETE GRÁTIS 💸  APROVEITEM A PROMOÇÃO.🛑 LINK NO PERFIL🛑  💸 Cupom: qrs3840114 💸  ✅+45 R$ OFF✅  🍟🍕🍔🍟🍕🍔🍟🍕🍔🍟🍕🍔🍟🍕🍔 cupom ifood  e uber eats;0
488;@iFood @raah_kayna Já expliquei, tá lá.... É só ler e por favor me explicar..... Obg....;1
489;@battahjhey 🍟🍕🍔🍟🍕🍔🍟🍕🍔🍟🍕🍔🍟🍕🍔  Cupom Rappi !    💸45 R$ NO PEDIDO 📛  + 150 R$ DE FRETE GRÁTIS 💸  APROVEITEM A PROMOÇÃO.🛑 LINK NO PERFIL🛑  💸 Cupom: qrs3840114 💸  ✅+45 R$ OFF✅  🍟🍕🍔🍟🍕🍔🍟🍕🍔🍟🍕🍔🍟🍕🍔 cupom ifood  e uber eats;0
490;@wbgrabi @gab3augusto 🍟🍕🍔🍟🍕🍔🍟🍕🍔🍟🍕🍔🍟🍕🍔  Cupom Rappi !    💸45 R$ NO PEDIDO 📛  + 150 R$ DE FRETE GRÁTIS 💸  APROVEITEM A PROMOÇÃO.🛑 LINK NO PERFIL🛑  💸 Cupom: qrs3840114 💸  ✅+45 R$ OFF✅  🍟🍕🍔🍟🍕🍔🍟🍕🍔🍟🍕🍔🍟🍕🍔 cupom ifood  e uber eats;0
491;tem uma lanchonete aqui que eu to louca pra comer, todos os dias fico namorando no ifood, ainda vou matar mh vontade;1
492;Como resolver um problema com o @iFood, a missão 1. Mando no chat do app, ninguém responde 2. Reclamo não tt, me mandam chamar na DM, chamo e ninguém responde 3. Aceito que fui roubada  E aí, @iFood, vão continuar com esse pós venda lixo?;1
493;pedi um strogonoff de carne do iFood, tomara que seja bom🤣;1
494;@psantos31 🍟🍕🍔🍟🍕🍔🍟🍕🍔🍟🍕🍔🍟🍕🍔  Cupom Rappi !    💸45 R$ NO PEDIDO 📛  + 150 R$ DE FRETE GRÁTIS 💸  APROVEITEM A PROMOÇÃO.🛑 LINK NO PERFIL🛑  💸 Cupom: qrs3840114 💸  ✅+45 R$ OFF✅  🍟🍕🍔🍟🍕🍔🍟🍕🍔🍟🍕🍔🍟🍕🍔 cupom ifood  e uber eats;0
495;Mais feliz do que pinto no lixo com os 80 reais que a firma deu de presente no Ifood 😭✊🏻;1
496;@Justmeabilio 🍟🍕🍔🍟🍕🍔🍟🍕🍔🍟🍕🍔🍟🍕🍔  Cupom Rappi !    💸45 R$ NO PEDIDO 📛  + 150 R$ DE FRETE GRÁTIS 💸  APROVEITEM A PROMOÇÃO.🛑 LINK NO PERFIL🛑  💸 Cupom: qrs3840114 💸  ✅+45 R$ OFF✅  🍟🍕🍔🍟🍕🍔🍟🍕🍔🍟🍕🍔🍟🍕🍔 cupom ifood  e uber eats;0
497;Esse ifood está de muita graça kkkkkk chega cada notificação engraçada q mds do céu🤣🤣🤣🤣;1
498;se a cidade de vcs nao tiver cerveja por ifood ai nao tenho culpa;0
499;Cobasi entrou no ifood nunca mais sairei de casa 🙏🙏🙏🙏🙏🙏;1
